1,Asia
2,Asia
3,Asia
4,Asia
5,Asia
6,Asia
7,Asia
8,Asia
9,Asia
10,Asia
11,Asia
12,Asia
13,Asia
14,Asia
15,Asia
16,Asia
17,Asia
18,Asia
19,Asia
20,Asia
21,Asia
22,Asia
23,Asia
24,Asia
25,Asia
26,Asia
27,Asia
28,Asia
29,Asia
30,Asia
31,Asia
32,Asia
33,Asia
34,Asia
35,Europe
36,Europe
37,Europe
38,Europe
39,Europe
40,Europe
41,Europe
42,Europe
43,Europe
44,Europe
45,Europe
46,Europe
47,Europe
48,Europe
49,Europe
50,Europe
51,Europe
52,Europe
53,Europe
54,Europe
55,Europe
56,Europe
57,Europe
58,Europe
59,Europe
60,Europe
61,Europe
62,Europe
63,Europe
64,Europe
65,Europe
66,Europe
67,Europe
68,Europe
69,Africa
70,Africa
71,Africa
72,Africa
73,Africa
74,Africa
75,Africa
76,Africa
77,Africa
78,Africa
79,Africa
80,Africa
81,Africa
82,Africa
83,Africa
84,Africa
85,Africa
86,Africa
87,Africa
88,Africa
89,Africa
90,Africa
91,Africa
92,Africa
93,Africa
94,Africa
95,Africa
96,Africa
97,Africa
98,Africa
99,Africa
100,Africa
101,Africa
102,Africa
103,Oceania
104,Oceania
105,Oceania
106,Oceania
113,Oceania
111,Oceania
112,Oceania
137,Europe
138,Europe
139,Europe
140,Europe
141,Europe
142,Europe
143,Europe
144,Europe
145,Europe
127,Oceania
128,Oceania
131,Oceania
132,Oceania
123,Oceania
121,Oceania
146,Europe
147,Europe
148,Europe
149,Europe
150,Europe
151,Europe
152,Europe
153,Europe
154,Europe
155,Europe
156,Europe
157,Europe
158,Europe
159,Europe
160,Europe
161,Europe
162,Europe
163,Europe
164,Europe
165,Europe
166,Europe
167,Europe
168,Europe
169,Europe
170,Europe
171,Africa
172,Africa
173,Africa
174,Africa
175,Africa
176,Africa
177,Africa
178,Africa
179,Africa
180,Africa
181,Africa
182,Africa
183,Africa
184,Africa
185,Africa
186,Africa
187,Africa
188,Africa
189,Africa
190,Africa
191,Africa
192,Africa
193,Africa
194,Africa
195,Africa
196,Africa
197,Africa
198,Africa
199,Africa
200,Africa
201,Africa
202,Africa
203,Africa
204,Africa
205,North America
206,North America
207,North America
208,North America
209,North America
210,North America
211,North America
212,North America
213,North America
214,North America
215,North America
216,North America
217,North America
218,North America
219,North America
220,North America
221,North America
222,North America
223,North America
224,North America
225,North America
226,North America
227,North America
228,North America
229,North America
230,North America
231,North America
232,North America
233,North America
234,North America
235,North America
236,North America
237,North America
238,North America
239,NOT_FOUND
240,NOT_FOUND
241,NOT_FOUND
242,NOT_FOUND
243,NOT_FOUND
244,NOT_FOUND
245,NOT_FOUND
246,NOT_FOUND
247,NOT_FOUND
248,NOT_FOUND
249,NOT_FOUND
250,NOT_FOUND
251,NOT_FOUND
252,NOT_FOUND
253,NOT_FOUND
254,NOT_FOUND
255,NOT_FOUND
256,NOT_FOUND
257,NOT_FOUND
258,NOT_FOUND
259,NOT_FOUND
260,NOT_FOUND
261,NOT_FOUND
262,NOT_FOUND
263,NOT_FOUND
264,NOT_FOUND
265,NOT_FOUND
266,NOT_FOUND
267,NOT_FOUND
268,NOT_FOUND
269,NOT_FOUND
270,NOT_FOUND
271,NOT_FOUND
272,NOT_FOUND
307,South America
308,South America
309,South America
310,South America
311,South America
312,South America
313,South America
314,South America
315,South America
316,South America
317,South America
318,South America
319,South America
320,South America
321,South America
322,South America
323,South America
324,South America
325,South America
326,South America
327,South America
328,South America
329,South America
330,South America
331,South America
332,South America
333,South America
334,South America
335,South America
336,South America
337,South America
338,South America
339,South America
340,South America
342,Asia
377,North America
378,North America
379,North America
375,North America
376,North America
399,North America
400,North America
385,North America
380,North America
397,North America
398,North America
409,Oceania
410,Oceania
411,Oceania
412,Oceania
413,Oceania
414,Oceania
415,Oceania
416,Oceania
417,Oceania
418,Oceania
419,Oceania
420,Oceania
421,Oceania
422,Oceania
423,Oceania
424,Oceania
425,Oceania
426,Oceania
427,Oceania
428,Oceania
429,Oceania
430,Oceania
431,Oceania
432,Oceania
433,Oceania
434,Oceania
435,Oceania
436,Oceania
437,Oceania
438,Oceania
439,Oceania
440,Oceania
441,Oceania
442,Oceania
443,Europe
444,Europe
445,Europe
446,Europe
447,Europe
448,Europe
449,Europe
450,Europe
451,Europe
452,Europe
453,Europe
454,Europe
455,Europe
456,Europe
457,Europe
458,Europe
459,Europe
460,Europe
461,Europe
462,Europe
463,Europe
464,Europe
465,Europe
466,Europe
467,Europe
468,Europe
469,Europe
470,Europe
471,Europe
472,Europe
473,Europe
474,Europe
475,Europe
476,Europe
511,North America
512,North America
513,North America
514,North America
515,North America
516,North America
517,North America
518,North America
519,North America
520,North America
521,North America
522,North America
523,North America
524,North America
525,North America
526,North America
527,North America
528,North America
529,North America
530,North America
531,North America
532,North America
533,North America
534,North America
535,North America
536,North America
537,North America
538,North America
539,North America
540,North America
541,North America
542,North America
543,North America
544,North America
545,Asia
546,Asia
547,Asia
548,Asia
549,Asia
550,Asia
551,Asia
552,Asia
553,Asia
554,Asia
555,Asia
556,Asia
557,Asia
558,Asia
559,Asia
560,Asia
561,Asia
562,Asia
563,Asia
564,Asia
565,Asia
566,Asia
567,Asia
568,Asia
569,Asia
570,Asia
571,Asia
572,Asia
573,Asia
574,Asia
575,Asia
576,Asia
577,Asia
578,Asia
579,Asia
580,Asia
581,Asia
582,Asia
583,Asia
584,Asia
585,Asia
586,Asia
587,Asia
588,Asia
589,Asia
590,Asia
591,Asia
592,Asia
593,Asia
594,Asia
595,Asia
596,Asia
597,Asia
598,Asia
599,Asia
600,Asia
601,Asia
602,Asia
603,Asia
604,Asia
605,Asia
606,Asia
607,Asia
608,Asia
609,Asia
610,Asia
611,Asia
612,Asia
615,North America
616,North America
619,North America
620,North America
640,North America
641,North America
642,North America
643,North America
644,North America
749,North America
750,North America
751,North America
752,North America
753,North America
754,North America
755,North America
756,North America
757,North America
758,North America
759,North America
760,North America
761,North America
762,North America
763,North America
764,North America
765,North America
766,North America
767,North America
768,North America
769,North America
770,North America
771,North America
772,North America
773,North America
774,North America
775,North America
776,North America
777,North America
778,North America
779,North America
780,North America
781,North America
782,North America
783,Africa
784,Africa
785,Africa
786,Africa
787,Africa
788,Africa
789,Africa
790,Africa
791,Africa
792,Africa
793,Africa
794,Africa
795,Africa
796,Africa
797,Africa
798,Africa
799,Africa
800,Africa
801,Africa
802,Africa
803,Africa
804,Africa
805,Africa
806,Africa
807,Africa
808,Africa
809,Africa
810,Africa
811,Africa
812,Africa
813,Africa
814,Africa
815,Africa
816,Africa
817,Asia
818,Asia
819,Asia
820,Asia
821,Asia
822,Asia
823,Asia
824,Asia
825,Asia
826,Asia
827,Asia
828,Asia
829,Asia
830,Asia
831,Asia
832,Asia
833,Asia
834,Asia
835,Asia
836,Asia
837,Asia
838,Asia
839,Asia
840,Asia
841,Asia
842,Asia
843,Asia
844,Asia
845,Asia
846,Asia
847,Asia
848,Asia
849,Asia
850,Asia
919,Africa
920,Africa
921,Africa
922,Africa
923,Africa
924,Africa
925,Africa
926,Africa
927,Africa
928,Africa
929,Africa
930,Africa
931,Africa
932,Africa
933,Africa
934,Africa
935,Africa
936,Africa
937,Africa
938,Africa
939,Africa
940,Africa
941,Africa
942,Africa
943,Africa
944,Africa
945,Africa
946,Africa
947,Africa
948,Africa
949,Africa
950,Africa
951,Africa
952,Africa
953,South America
954,South America
955,South America
956,South America
957,South America
958,South America
959,South America
960,South America
961,South America
962,South America
963,South America
964,South America
965,South America
966,South America
967,South America
968,South America
969,South America
970,South America
971,South America
972,South America
973,South America
974,South America
975,South America
976,South America
977,South America
978,South America
979,South America
980,South America
981,South America
982,South America
983,South America
984,South America
985,South America
986,South America
1021,Asia
1022,Asia
1023,Asia
1024,Asia
1025,Asia
1026,Asia
1027,Asia
1028,Asia
1029,Asia
1030,Asia
1031,Asia
1032,Asia
1033,Asia
1034,Asia
1035,Asia
1036,Asia
1037,Asia
1038,Asia
1039,Asia
1040,Asia
1041,Asia
1042,Asia
1043,Asia
1044,Asia
1045,Asia
1046,Asia
1047,Asia
1048,Asia
1049,Asia
1050,Asia
1051,Asia
1052,Asia
1053,Asia
1054,Asia
1055,Europe
1056,Europe
1057,Europe
1058,Europe
1059,Europe
1060,Europe
1061,Europe
1062,Europe
1063,Europe
1064,Europe
1065,Europe
1066,Europe
1067,Europe
1068,Europe
1069,Europe
1070,Europe
1071,Europe
1072,Europe
1073,Europe
1074,Europe
1075,Europe
1076,Europe
1077,Europe
1078,Europe
1079,Europe
1080,Europe
1081,Europe
1082,Europe
1083,Europe
1084,Europe
1085,Europe
1086,Europe
1087,Europe
1088,Europe
1089,Africa
1090,Africa
1091,Africa
1092,Africa
1093,Africa
1094,Africa
1095,Africa
1096,Africa
1097,Africa
1098,Africa
1099,Africa
1100,Africa
1101,Africa
1102,Africa
1103,Africa
1104,Africa
1105,Africa
1106,Africa
1107,Africa
1108,Africa
1109,Africa
1110,Africa
1111,Africa
1112,Africa
1113,Africa
1114,Africa
1115,Africa
1116,Africa
1117,Africa
1118,Africa
1119,Africa
1120,Africa
1121,Africa
1122,Africa
1123,Africa
1133,Africa
1134,Africa
1141,Africa
1142,Africa
1139,Africa
1191,Asia
1192,Asia
1193,Asia
1194,Asia
1195,Asia
1196,Asia
1197,Asia
1198,Asia
1199,Asia
1200,Asia
1201,Asia
1202,Asia
1203,Asia
1204,Asia
1205,Asia
1206,Asia
1207,Asia
1208,Asia
1209,Asia
1210,Asia
1211,Asia
1212,Asia
1213,Asia
1214,Asia
1215,Asia
1216,Asia
1217,Asia
1218,Asia
1219,Asia
1220,Asia
1221,Asia
1222,Asia
1223,Asia
1224,Asia
1225,Africa
1226,Africa
1227,Africa
1228,Africa
1229,Africa
1230,Africa
1231,Africa
1232,Africa
1233,Africa
1234,Africa
1235,Africa
1236,Africa
1237,Africa
1238,Africa
1239,Africa
1240,Africa
1241,Africa
1242,Africa
1243,Africa
1244,Africa
1245,Africa
1246,Africa
1247,Africa
1248,Africa
1249,Africa
1250,Africa
1251,Africa
1252,Africa
1253,Africa
1254,Africa
1255,Africa
1256,Africa
1257,Africa
1258,Africa
1259,North America
1260,North America
1261,North America
1262,North America
1263,North America
1264,North America
1265,North America
1266,North America
1267,North America
1268,North America
1269,North America
1270,North America
1271,North America
1272,North America
1273,North America
1274,North America
1275,North America
1276,North America
1277,North America
1278,North America
1279,North America
1280,North America
1281,North America
1282,North America
1283,North America
1284,North America
1285,North America
1286,North America
1287,North America
1288,North America
1289,North America
1290,North America
1291,North America
1292,North America
1327,Africa
1328,Africa
1329,Africa
1330,Africa
1315,North America
1316,North America
1331,Africa
1332,Africa
1333,Africa
1334,Africa
1335,Africa
1336,Africa
1343,Africa
1344,Africa
1345,Africa
1346,Africa
1347,Africa
1348,Africa
1349,Africa
1350,Africa
1351,Africa
1352,Africa
1353,Africa
1337,Africa
1338,Africa
1354,Africa
1357,Africa
1358,Africa
1359,Africa
1360,Africa
1361,Africa
1362,Africa
1363,Africa
1364,Africa
1365,Africa
1366,Africa
1367,Africa
1368,Africa
1369,Africa
1370,Africa
1371,Africa
1372,Africa
1373,Africa
1374,Africa
1375,Africa
1376,Africa
1377,Africa
1378,Africa
1379,Africa
1380,Africa
1381,Africa
1382,Africa
1383,Africa
1384,Africa
1385,Africa
1386,Africa
1387,Africa
1388,Africa
1389,Africa
1390,Africa
1391,Africa
1392,Africa
1393,Africa
1394,Africa
1429,South America
1430,South America
1431,South America
1432,South America
1433,South America
1434,South America
1435,South America
1436,South America
1437,South America
1438,South America
1439,South America
1440,South America
1441,South America
1442,South America
1443,South America
1444,South America
1445,South America
1446,South America
1447,South America
1448,South America
1449,South America
1450,South America
1451,South America
1452,South America
1453,South America
1454,South America
1455,South America
1456,South America
1457,South America
1458,South America
1459,South America
1460,South America
1461,South America
1462,South America
1463,Asia
1464,Asia
1465,Asia
1466,Asia
1467,Asia
1468,Asia
1469,Asia
1470,Asia
1471,Asia
1472,Asia
1473,Asia
1474,Asia
1475,Asia
1476,Asia
1477,Asia
1478,Asia
1479,Asia
1480,Asia
1481,Asia
1482,Asia
1483,Asia
1484,Asia
1485,Asia
1486,Asia
1487,Asia
1488,Asia
1489,Asia
1490,Asia
1491,Asia
1492,Asia
1493,Asia
1494,Asia
1495,Asia
1496,Asia
1667,Asia
1668,Asia
1669,Asia
1670,Asia
1671,Asia
1672,Asia
1673,Asia
1674,Asia
2939,Asia
1675,Asia
1676,Asia
1677,Asia
1678,Asia
1679,Asia
1680,Asia
1683,Asia
1684,Asia
1685,Asia
1686,Asia
1687,Asia
1688,Asia
1689,Asia
1690,Asia
1691,Asia
1692,Asia
1693,Asia
1694,Asia
1695,Asia
1696,Asia
1697,Asia
1698,Asia
1699,Asia
1700,Asia
1701,South America
1702,South America
1703,South America
1704,South America
1705,South America
1706,South America
1707,South America
1708,South America
1709,South America
1710,South America
1711,South America
1712,South America
1713,South America
1714,South America
1715,South America
1716,South America
1717,South America
1718,South America
1719,South America
1720,South America
1721,South America
1722,South America
1723,South America
1724,South America
1725,South America
1726,South America
1727,South America
1728,South America
1729,South America
1730,South America
1731,South America
1732,South America
1733,South America
1734,South America
1737,Africa
1738,Africa
1757,Africa
1758,Africa
1746,Africa
1769,Africa
1747,Africa
1751,Africa
1752,Africa
1753,Africa
1754,Africa
1765,Africa
1766,Africa
1749,Africa
1750,Africa
1771,Africa
1772,Africa
1773,Africa
1774,Africa
1775,Africa
1776,Africa
1777,Africa
1778,Africa
1785,Africa
1786,Africa
1791,Africa
1792,Africa
1793,Africa
1779,Africa
1780,Africa
1794,Africa
1795,Africa
1796,Africa
1803,Oceania
1804,Oceania
1805,Oceania
1806,Oceania
1809,Oceania
1810,Oceania
1811,Oceania
1812,Oceania
1813,Oceania
1827,Oceania
1828,Oceania
1829,Oceania
1830,Oceania
1823,Oceania
1818,Oceania
1819,Oceania
1820,Oceania
1821,Oceania
1822,Oceania
1939,North America
1940,North America
1941,North America
1942,North America
1943,North America
344,Asia
1944,North America
1945,North America
1946,North America
1947,North America
1948,North America
1949,North America
1950,North America
1951,North America
1952,North America
1953,North America
1954,North America
1955,North America
1956,North America
1957,North America
1958,North America
1959,North America
1960,North America
1961,North America
1962,North America
1963,North America
1964,North America
1965,North America
1966,North America
1967,North America
1968,North America
1969,North America
1970,North America
1971,North America
1972,North America
1973,Asia
1974,Asia
1975,Asia
1976,Asia
1977,Asia
1978,Asia
1979,Asia
1980,Asia
1981,Asia
1982,Asia
1983,Asia
1984,Asia
1985,Asia
1986,Asia
1987,Asia
1988,Asia
1989,Asia
1990,Asia
1991,Asia
1992,Asia
1993,Asia
1994,Asia
1995,Asia
1996,Asia
1997,Asia
1998,Asia
1999,Asia
2000,Asia
2001,Asia
2002,Asia
2003,Asia
2004,Asia
2005,Asia
2006,Asia
2959,Europe
2143,Europe
2144,Europe
2145,Europe
2146,Europe
2147,Europe
2148,Europe
2149,Europe
2150,Europe
2151,Europe
2152,Europe
2153,Europe
2154,Europe
2155,Europe
2156,Europe
2157,Europe
2158,Europe
2159,Europe
2160,Europe
2161,Europe
2162,Europe
2163,Europe
2164,Europe
2165,Europe
2166,Europe
2167,Europe
2168,Europe
2169,Europe
2170,Europe
2171,Europe
2172,Europe
2173,Europe
2174,Europe
2175,Europe
2176,Europe
2181,Africa
2182,Africa
2197,Africa
2198,Africa
2201,Africa
2202,Africa
2195,Africa
2196,Africa
2193,Africa
2194,Africa
2203,Africa
2204,Africa
2213,North America
2214,North America
2215,North America
2216,North America
2221,North America
2222,North America
2223,North America
2224,North America
2225,North America
2226,North America
2227,North America
2228,North America
2229,North America
2230,North America
2217,North America
2218,North America
2209,Africa
2210,Africa
2207,Africa
2208,Africa
2231,North America
2232,North America
2233,North America
2234,North America
2235,North America
2236,North America
2239,North America
2240,North America
2241,North America
2242,North America
2243,North America
2244,North America
2245,North America
2246,North America
2247,North America
2248,North America
2249,North America
2250,North America
2251,North America
2252,North America
2253,North America
2254,North America
2255,North America
2256,North America
2257,North America
2258,North America
2259,North America
2260,North America
2261,North America
2262,North America
2263,North America
2264,North America
2265,North America
2266,North America
2267,North America
2268,North America
2269,North America
2270,North America
2271,North America
2272,North America
2273,North America
2274,North America
2275,North America
2276,North America
2277,North America
2278,North America
2279,South America
2280,South America
2281,South America
2282,South America
2283,South America
2284,South America
2285,South America
2286,South America
2287,South America
2288,South America
2289,South America
2290,South America
2291,South America
2292,South America
2293,South America
2294,South America
2295,South America
2296,South America
2297,South America
2298,South America
2299,South America
2300,South America
2301,South America
2302,South America
2303,South America
2304,South America
2305,South America
2306,South America
2307,South America
2308,South America
2309,South America
2310,South America
2311,South America
2312,South America
2313,Africa
2314,Africa
2315,Africa
2316,Africa
2317,Africa
2318,Africa
2319,Africa
2320,Africa
2321,Africa
2322,Africa
2323,Africa
2324,Africa
2325,Africa
2326,Africa
2327,Africa
2328,Africa
2329,Africa
2330,Africa
2331,Africa
2332,Africa
2333,Africa
2334,Africa
2335,Africa
2336,Africa
2337,Africa
2338,Africa
2339,Africa
2340,Africa
2341,Africa
2342,Africa
2343,Africa
2344,Africa
2345,Africa
2346,Africa
2347,North America
2348,North America
2349,North America
2350,North America
2351,North America
2352,North America
2353,North America
2354,North America
2355,North America
2356,North America
2357,North America
2358,North America
2359,North America
2360,North America
2361,North America
2362,North America
2363,North America
2364,North America
2365,North America
2366,North America
2367,North America
2368,North America
2369,North America
2370,North America
2371,North America
2372,North America
2373,North America
2374,North America
2375,North America
2376,North America
2377,North America
2378,North America
2379,North America
2380,North America
2383,Africa
2384,Africa
2385,Africa
2386,Africa
2389,Africa
2390,Africa
2391,Africa
2392,Africa
2393,Africa
2407,Africa
2408,Africa
2401,Africa
2402,Africa
2405,Africa
2406,Africa
2403,Africa
2404,Africa
2399,Africa
2400,Africa
2409,Africa
2526,Africa
2619,Europe
2620,Europe
2621,Europe
2622,Europe
2623,Europe
2624,Europe
2625,Europe
2626,Europe
2627,Europe
2628,Europe
2629,Europe
2630,Europe
2631,Europe
2632,Europe
2633,Europe
2634,Europe
2635,Europe
2636,Europe
2637,Europe
2638,Europe
2639,Europe
2640,Europe
2641,Europe
2642,Europe
2643,Europe
2644,Europe
2645,Europe
2646,Europe
2647,Europe
2648,Europe
2649,Europe
2650,Europe
2651,Europe
2652,Europe
2653,Oceania
2654,Oceania
2655,Oceania
2656,Oceania
2657,Oceania
2658,Oceania
2659,Oceania
2660,Oceania
2661,Oceania
2662,Oceania
2663,Oceania
2664,Oceania
2665,Oceania
2666,Oceania
2667,Oceania
2668,Oceania
2669,Oceania
2670,Oceania
2671,Oceania
2672,Oceania
2673,Oceania
2674,Oceania
2675,Oceania
2676,Oceania
2677,Oceania
2678,Oceania
2679,Oceania
2680,Oceania
2681,Oceania
2682,Oceania
2683,Oceania
2684,Oceania
2685,Oceania
2686,Oceania
2687,Europe
2688,Europe
2689,Europe
2690,Europe
2691,Europe
2692,Europe
2693,Europe
2694,Europe
2695,Europe
2696,Europe
2697,Europe
2698,Europe
2699,Europe
2700,Europe
2701,Europe
2702,Europe
2703,Europe
2704,Europe
2705,Europe
2706,Europe
2707,Europe
2708,Europe
2709,Europe
2710,Europe
2711,Europe
2712,Europe
2713,Europe
2714,Europe
2715,Europe
2716,Europe
2717,Europe
2718,Europe
2719,Europe
2720,Europe
2721,Europe
2722,Europe
2723,Europe
2724,Europe
2725,Europe
2726,Europe
2727,Europe
2728,Europe
2729,Europe
2730,Europe
2731,Europe
2732,Europe
2733,Europe
2734,Europe
2735,Europe
2736,Europe
2737,Europe
2738,Europe
2739,Europe
2740,Europe
2741,Europe
2742,Europe
2743,Europe
2744,Europe
2745,Europe
2746,Europe
2747,Europe
2748,Europe
2749,Europe
2750,Europe
2751,Europe
2752,Europe
2753,Europe
2754,Europe
2755,South America
2756,South America
2757,South America
2758,South America
2759,South America
2760,South America
2761,South America
2762,South America
2763,South America
2764,South America
2765,South America
2766,South America
2767,South America
2768,South America
2769,South America
2770,South America
2771,South America
2772,South America
2773,South America
2774,South America
2775,South America
2776,South America
2777,South America
2778,South America
2779,South America
2780,South America
2781,South America
2782,South America
2783,South America
2784,South America
2785,South America
2786,South America
2787,South America
2788,South America
2789,Oceania
2790,Oceania
2791,Oceania
2792,Oceania
2793,Oceania
2794,Oceania
2795,Oceania
2796,Oceania
2797,Oceania
2798,Oceania
2799,Oceania
2800,Oceania
2801,Oceania
2802,Oceania
2803,Oceania
2804,Oceania
2805,Oceania
2806,Oceania
2807,Oceania
2808,Oceania
2809,Oceania
2810,Oceania
2811,Oceania
2812,Oceania
2813,Oceania
2814,Oceania
2815,Oceania
2816,Oceania
2817,Oceania
2818,Oceania
2819,Oceania
2820,Oceania
2821,Oceania
2822,Oceania
2859,Africa
2860,Africa
2861,Africa
2862,Africa
2863,Africa
2864,Africa
2865,Africa
2866,Africa
2873,Africa
2874,Africa
2877,Africa
2878,Africa
2879,Africa
2880,Africa
2867,Africa
2868,Africa
2881,Africa
2882,Africa
2883,Africa
2884,Africa
2887,Africa
2888,Africa
2889,Africa
2890,Africa
2891,Africa
2892,Africa
2893,Africa
2894,Africa
2895,Africa
2896,Africa
2897,Africa
2898,Africa
2899,Africa
2900,Africa
2901,Africa
2902,Africa
2903,Africa
2904,Africa
2905,Africa
2906,Africa
2907,Africa
2908,Africa
2909,Africa
2910,Africa
2911,Africa
2912,Africa
2913,Africa
2914,Africa
2915,Africa
2916,Africa
2917,Africa
2918,Africa
2919,Africa
2920,Africa
2921,Africa
2922,Africa
2923,Africa
2924,Africa
2960,Europe
2961,Europe
2962,Europe
2963,Europe
2964,Europe
2965,Europe
2966,Europe
2967,Europe
2968,Europe
2969,Europe
2970,Europe
2971,Europe
2972,Europe
2973,Europe
2974,Europe
2975,Europe
2976,Europe
2977,Europe
2978,Europe
2979,Europe
2980,Europe
2981,Europe
2982,Europe
2983,Europe
2984,Europe
2985,Europe
2986,Europe
2987,Europe
2988,Europe
2989,Europe
2990,Europe
2991,Europe
2992,Europe
2993,Africa
2994,Africa
2995,Africa
2996,Africa
2997,Africa
2998,Africa
2999,Africa
3000,Africa
3001,Africa
3002,Africa
3003,Africa
3004,Africa
3005,Africa
3006,Africa
3007,Africa
3008,Africa
3009,Africa
3010,Africa
3011,Africa
3012,Africa
3013,Africa
3014,Africa
3015,Africa
3016,Africa
3017,Africa
3018,Africa
3019,Africa
3020,Africa
3021,Africa
3022,Africa
3023,Africa
3024,Africa
3025,Africa
3026,Africa
3027,Europe
3028,Europe
3029,Europe
3030,Europe
3031,Europe
3032,Europe
3033,Europe
3034,Europe
3035,Europe
3036,Europe
3037,Europe
3038,Europe
3039,Europe
3040,Europe
3041,Europe
3042,Europe
3043,Europe
3044,Europe
3045,Europe
3046,Europe
3047,Europe
3048,Europe
3049,Europe
3050,Europe
3051,Europe
3052,Europe
3053,Europe
3054,Europe
3055,Europe
3056,Europe
3057,Europe
3058,Europe
3059,Europe
3060,Europe
3061,Europe
3062,Europe
3063,Europe
3064,Europe
3065,Europe
3066,Europe
3067,Europe
3068,Europe
3069,Europe
3070,Europe
3071,Europe
3072,Europe
3073,Europe
3074,Europe
3075,Europe
3076,Europe
3077,Europe
3078,Europe
3079,Europe
3080,Europe
3081,Europe
3082,Europe
3083,Europe
3084,Europe
3085,Europe
3086,Europe
3087,Europe
3088,Europe
3089,Europe
3090,Europe
3091,Europe
3092,Europe
3093,Europe
3094,Europe
3095,North America
3096,North America
3097,North America
3098,North America
3099,North America
3100,North America
3101,North America
3102,North America
3103,North America
3104,North America
3105,North America
3106,North America
3107,North America
3108,North America
3109,North America
3110,North America
3111,North America
3112,North America
3113,North America
3114,North America
3115,North America
3116,North America
3117,North America
3118,North America
3119,North America
3120,North America
3121,North America
3122,North America
3123,North America
3124,North America
3125,North America
3126,North America
3127,North America
3128,North America
3129,North America
3130,North America
3131,North America
3132,North America
3133,North America
3134,North America
3135,North America
3136,North America
3137,North America
3138,North America
3139,North America
3140,North America
3141,North America
3142,North America
3143,North America
3144,North America
3145,North America
3146,North America
3147,North America
3148,North America
3149,North America
3150,North America
3151,North America
3152,North America
3153,North America
3154,North America
3155,North America
3156,North America
3157,North America
3158,North America
3159,North America
3160,North America
3161,North America
3162,North America
3163,North America
3164,North America
3165,North America
3166,North America
3167,North America
3168,North America
3169,North America
3170,North America
3171,North America
3172,North America
3173,North America
3174,North America
3175,North America
3176,North America
3177,North America
3178,North America
3179,North America
3180,North America
3181,North America
3182,North America
3183,North America
3184,North America
3185,North America
3186,North America
3187,North America
3188,North America
3189,North America
3190,North America
3191,North America
3192,North America
3193,North America
3194,North America
3195,North America
3196,North America
3197,North America
3198,North America
3199,North America
3200,North America
3201,North America
3202,North America
3203,North America
3204,North America
3205,North America
3206,North America
3207,North America
3208,North America
3209,North America
3210,North America
3211,North America
3212,North America
3213,North America
3214,North America
3215,North America
3216,North America
3217,North America
3218,North America
3219,North America
3220,North America
3221,North America
3222,North America
3223,North America
3224,North America
3225,North America
3226,North America
3227,North America
3228,North America
3229,North America
3230,North America
3231,Africa
3232,Africa
3233,Africa
3234,Africa
3235,Africa
3236,Africa
3237,Africa
3238,Africa
3239,Africa
3240,Africa
3241,Africa
3242,Africa
3243,Africa
3244,Africa
3245,Africa
3246,Africa
3247,Africa
3248,Africa
3249,Africa
3250,Africa
3251,Africa
3252,Africa
3253,Africa
3254,Africa
3255,Africa
3256,Africa
3257,Africa
3258,Africa
3259,Africa
3260,Africa
3261,Africa
3262,Africa
3263,Africa
3264,Africa
3265,Africa
3266,Africa
3267,Africa
3268,Africa
3269,Africa
3270,Africa
3271,Africa
3272,Africa
3273,Africa
3274,Africa
3275,Africa
3276,Africa
3277,Africa
3278,Africa
3279,Africa
3280,Africa
3281,Africa
3282,Africa
3283,Africa
3284,Africa
3285,Africa
3286,Africa
3287,Africa
3288,Africa
3289,Africa
3290,Africa
3291,Africa
3292,Africa
3293,Africa
3294,Africa
3295,Africa
3296,Africa
3297,Africa
3298,Africa
3299,South America
3300,South America
3301,South America
3302,South America
3303,South America
3304,South America
3305,South America
3306,South America
3307,South America
3308,South America
3309,South America
3310,South America
3311,South America
3312,South America
3313,South America
3314,South America
3315,South America
3316,South America
3317,South America
3318,South America
3321,South America
3322,South America
3323,South America
3324,South America
3325,South America
3326,South America
3327,South America
3328,South America
3329,South America
3330,South America
3331,South America
3332,South America
3333,North America
3334,North America
3335,North America
3336,North America
3337,North America
3338,North America
3339,North America
3340,North America
3341,North America
3342,North America
3343,North America
3344,North America
3345,North America
3346,North America
3347,North America
3348,North America
3349,North America
3350,North America
3351,North America
3352,North America
3353,North America
3354,North America
3355,North America
3356,North America
3357,North America
3358,North America
3359,North America
3360,North America
3361,North America
3362,North America
3363,North America
3364,North America
3365,North America
3366,North America
3401,North America
3402,North America
3403,North America
3404,North America
3405,North America
3406,North America
3407,North America
3408,North America
3409,North America
3410,North America
3411,North America
3412,North America
3413,North America
3414,North America
3415,North America
3416,North America
3417,North America
3418,North America
3419,North America
3420,North America
3421,North America
3422,North America
3423,North America
3424,North America
3425,North America
3426,North America
3427,North America
3428,North America
3429,North America
3430,North America
3431,North America
3432,North America
3433,North America
3434,North America
3435,Europe
3436,Europe
3437,Europe
3438,Europe
3439,Europe
3440,Europe
3441,Europe
3442,Europe
3443,Europe
3444,Europe
3445,Europe
3446,Europe
3447,Europe
3448,Europe
3449,Europe
3450,Europe
3451,Europe
3452,Europe
3453,Europe
3454,Europe
3455,Europe
3456,Europe
3457,Europe
3458,Europe
3459,Europe
3460,Europe
3461,Europe
3462,Europe
3463,Europe
3464,Europe
3465,Europe
3466,Europe
3467,Europe
3468,Europe
3469,Europe
3470,Europe
3471,Europe
3472,Europe
3473,Europe
3474,Europe
3475,Europe
3476,Europe
3477,Europe
3478,Europe
3479,Europe
3480,Europe
3481,Europe
3482,Europe
3483,Europe
3484,Europe
3485,Europe
3486,Europe
3487,Europe
3488,Europe
3489,Europe
3490,Europe
3491,Europe
3492,Europe
3493,Europe
3494,Europe
3495,Europe
3496,Europe
3497,Europe
3498,Europe
3499,Europe
3500,Europe
3501,Europe
3502,Europe
3503,Asia
3504,Asia
3505,Asia
3506,Asia
3507,Asia
3508,Asia
3509,Asia
3510,Asia
3511,Asia
3512,Asia
3513,Asia
3514,Asia
3515,Asia
3516,Asia
3517,Asia
3518,Asia
3519,Asia
3520,Asia
3521,Asia
3522,Asia
3523,Asia
3524,Asia
3525,Asia
3526,Asia
3527,Asia
3528,Asia
3529,Asia
3530,Asia
3531,Asia
3532,Asia
3533,Asia
3534,Asia
3535,Asia
3536,Asia
3537,Asia
3538,Asia
3539,Asia
3540,Asia
3541,Asia
3542,Asia
3543,Asia
3544,Asia
3545,Asia
3546,Asia
3547,Asia
3548,Asia
3549,Asia
3550,Asia
3551,Asia
3552,Asia
3553,Asia
3554,Asia
3555,Asia
3556,Asia
3557,Asia
3558,Asia
3559,Asia
3560,Asia
3561,Asia
3562,Asia
3563,Asia
3564,Asia
3565,Asia
3566,Asia
3567,Asia
3568,Asia
3569,Asia
3570,Asia
3605,Asia
3606,Asia
3607,Asia
3608,Asia
3609,Asia
3610,Asia
3611,Asia
3612,Asia
3613,Asia
3614,Asia
3615,Asia
3616,Asia
3617,Asia
3618,Asia
3619,Asia
3620,Asia
3621,Asia
3622,Asia
3623,Asia
3624,Asia
3625,Asia
3626,Asia
3627,Asia
3628,Asia
3629,Asia
3630,Asia
3631,Asia
3632,Asia
3633,Asia
3634,Asia
3635,Asia
3636,Asia
3637,Asia
3638,Asia
3639,Europe
3640,Europe
3641,Europe
3642,Europe
3643,Europe
3644,Europe
3645,Europe
3646,Europe
3647,Europe
3648,Europe
3649,Europe
3650,Europe
3651,Europe
3652,Europe
3653,Europe
3654,Europe
3655,Europe
3656,Europe
3657,Europe
3658,Europe
3659,Europe
3660,Europe
3661,Europe
3662,Europe
3663,Europe
3664,Europe
3665,Europe
3666,Europe
3667,Europe
3668,Europe
3669,Europe
3670,Europe
3671,Europe
3672,Europe
3707,Asia
3708,Asia
3709,Asia
3710,Asia
3711,Asia
3712,Asia
3713,Asia
3714,Asia
3715,Asia
3716,Asia
3717,Asia
3718,Asia
3719,Asia
3720,Asia
3721,Asia
3722,Asia
3723,Asia
3724,Asia
3725,Asia
3726,Asia
3727,Asia
3728,Asia
3729,Asia
3730,Asia
3731,Asia
3732,Asia
3733,Asia
3734,Asia
3735,Asia
3736,Asia
3737,Asia
3738,Asia
3739,Asia
3740,Asia
3741,Europe
3742,Europe
3743,Europe
3744,Europe
3745,Europe
3746,Europe
3747,Europe
3748,Europe
3749,Europe
3750,Europe
3751,Europe
3752,Europe
3753,Europe
3754,Europe
3755,Europe
3756,Europe
3757,Europe
3758,Europe
3759,Europe
3760,Europe
3761,Europe
3762,Europe
3763,Europe
3764,Europe
3765,Europe
3766,Europe
3767,Europe
3768,Europe
3769,Europe
3770,Europe
3771,Europe
3772,Europe
3773,Europe
3774,Europe
3775,North America
3776,North America
3777,North America
3778,North America
3779,North America
3780,North America
3781,North America
3809,Asia
3810,Asia
3811,Asia
3812,Asia
3813,Asia
3814,Asia
3815,Asia
3816,Asia
3817,Asia
3818,Asia
3819,Asia
3820,Asia
3821,Asia
3822,Asia
3799,North America
3800,North America
3823,Asia
3824,Asia
3825,Asia
3826,Asia
3827,Asia
3828,Asia
3829,Asia
3830,Asia
3831,Asia
3832,Asia
3833,Asia
3834,Asia
3835,Asia
3836,Asia
3837,Asia
3838,Asia
3839,Asia
3840,Asia
3841,Asia
3842,Asia
3843,Asia
3844,Asia
3845,Asia
3846,Asia
3847,Asia
3848,Asia
3849,Asia
3850,Asia
3851,Asia
3852,Asia
3853,Asia
3854,Asia
3855,Asia
3856,Asia
3857,Asia
3858,Asia
3859,Asia
3860,Asia
3861,Asia
3862,Asia
3863,Asia
3864,Asia
3865,Asia
3866,Asia
3867,Asia
3868,Asia
3869,Asia
3870,Asia
3871,Asia
3872,Asia
3873,Asia
3874,Asia
3875,Asia
3876,Asia
3911,Africa
478,Asia
706,Europe
3912,Africa
3913,Africa
3914,Africa
3915,Africa
3916,Africa
3917,Africa
3918,Africa
3919,Africa
3920,Africa
3921,Africa
3922,Africa
3923,Africa
3924,Africa
3925,Africa
3926,Africa
3927,Africa
3928,Africa
3929,Africa
3930,Africa
3931,Africa
3932,Africa
3933,Africa
3934,Africa
3935,Africa
3936,Africa
3937,Africa
3938,Africa
3939,Africa
3940,Africa
3941,Africa
3942,Africa
3943,Africa
3944,Africa
3955,Oceania
3956,Oceania
3951,Oceania
3952,Oceania
3979,Asia
3980,Asia
3981,Asia
3982,Asia
3983,Asia
3969,Oceania
3970,Oceania
3967,Oceania
3973,Oceania
3974,Oceania
3968,Oceania
3977,Oceania
3978,Oceania
3971,Oceania
3972,Oceania
3984,Asia
3985,Asia
3986,Asia
3987,Asia
3988,Asia
3989,Asia
3990,Asia
3991,Asia
3992,Asia
3993,Asia
3994,Asia
3995,Asia
3996,Asia
3997,Asia
3998,Asia
3999,Asia
4000,Asia
4001,Asia
4002,Asia
4003,Asia
4004,Asia
4005,Asia
4006,Asia
4007,Asia
4008,Asia
4009,Asia
4010,Asia
4011,Asia
4012,Asia
5571,Asia
484,Asia
4082,Europe
4115,Asia
4116,Asia
4117,Asia
4118,Asia
4119,Asia
4120,Asia
4121,Asia
4122,Asia
4123,Asia
4124,Asia
4125,Asia
4126,Asia
4127,Asia
4128,Asia
4129,Asia
4130,Asia
4131,Asia
4132,Asia
4133,Asia
4134,Asia
4135,Asia
4136,Asia
4137,Asia
4138,Asia
4139,Asia
4140,Asia
4141,Asia
4142,Asia
4143,Asia
4144,Asia
4145,Asia
4146,Asia
4147,Asia
4148,Asia
4149,Africa
4150,Africa
4151,Africa
4152,Africa
4153,Africa
4154,Africa
4155,Africa
4156,Africa
4157,Africa
4158,Africa
4159,Africa
4160,Africa
4161,Africa
4162,Africa
4163,Africa
4164,Africa
4165,Africa
4166,Africa
4167,Africa
4168,Africa
4169,Africa
4170,Africa
4171,Africa
4172,Africa
4173,Africa
4174,Africa
4175,Africa
4176,Africa
4177,Africa
4178,Africa
4179,Africa
4180,Africa
4181,Africa
4182,Africa
4183,Africa
4184,Africa
4185,Africa
4186,Africa
4187,Africa
4188,Africa
4189,Africa
4190,Africa
4193,Africa
4194,Africa
4207,Africa
4208,Africa
4209,Africa
4191,Africa
4192,Africa
4195,Africa
4196,Africa
4201,Africa
4202,Africa
4210,Africa
4211,Africa
4212,Africa
4215,Africa
4216,Africa
4251,Europe
4252,Europe
4253,Europe
4254,Europe
4255,Europe
4256,Europe
4257,Europe
4258,Europe
4259,Europe
4260,Europe
4261,Europe
4262,Europe
4263,Europe
4264,Europe
4265,Europe
4266,Europe
4267,Europe
4268,Europe
4269,Europe
4270,Europe
4271,Europe
4272,Europe
4273,Europe
4274,Europe
4275,Europe
4276,Europe
4277,Europe
4278,Europe
4279,Europe
4280,Europe
4281,Europe
4282,Europe
4283,Europe
4284,Europe
4353,Africa
4354,Africa
4355,Africa
4356,Africa
4357,Africa
4358,Africa
4359,Africa
4360,Africa
4361,Africa
4362,Africa
4363,Africa
4364,Africa
4365,Africa
4366,Africa
4330,Europe
4367,Africa
4368,Africa
4369,Africa
4370,Africa
4377,Africa
4378,Africa
4379,Africa
4380,Africa
4381,Africa
4382,Africa
4385,Africa
4386,Africa
4387,Africa
4388,Africa
4389,Africa
4390,Africa
4391,Africa
4392,Africa
4395,Africa
4396,Africa
4401,Africa
4402,Africa
4403,Africa
4404,Africa
4405,Africa
4406,Africa
4407,Africa
4408,Africa
4409,Africa
4410,Africa
4413,Africa
4414,Africa
4393,Africa
4394,Africa
4417,Africa
4418,Africa
4419,Africa
4420,Africa
4421,Asia
4422,Asia
4423,Asia
4424,Asia
4425,Asia
4426,Asia
4427,Asia
4428,Asia
4429,Asia
4430,Asia
4431,Asia
4432,Asia
4433,Asia
4434,Asia
4435,Asia
4436,Asia
4437,Asia
4438,Asia
4439,Asia
4440,Asia
4441,Asia
4442,Asia
4443,Asia
4444,Asia
4445,Asia
4446,Asia
4447,Asia
4448,Asia
4449,Asia
4450,Asia
4451,Asia
4452,Asia
4453,Asia
4454,Asia
489,Asia
490,Asia
4489,Africa
4490,Africa
4491,Africa
4492,Africa
4493,Africa
4494,Africa
4495,Africa
4496,Africa
4497,Africa
4498,Africa
4499,Africa
4500,Africa
4501,Africa
4502,Africa
4503,Africa
4504,Africa
4505,Africa
4506,Africa
4507,Africa
4508,Africa
4509,Africa
4510,Africa
4511,Africa
4512,Africa
4513,Africa
4514,Africa
4515,Africa
4516,Africa
4517,Africa
4518,Africa
4519,Africa
4520,Africa
4521,Africa
4522,Africa
4523,Europe
4524,Europe
4525,Europe
4526,Europe
4527,Europe
4528,Europe
4529,Europe
4530,Europe
4531,Europe
4532,Europe
4533,Europe
4534,Europe
4535,Europe
4536,Europe
4537,Europe
4538,Europe
4539,Europe
4540,Europe
4541,Europe
4542,Europe
4543,Europe
4544,Europe
4545,Europe
4546,Europe
4547,Europe
4548,Europe
4549,Europe
4550,Europe
4551,Europe
4552,Europe
4553,Europe
4554,Europe
4555,Europe
4556,Europe
4558,Oceania
4591,North America
4592,North America
4593,North America
4594,North America
4595,North America
4596,North America
4599,North America
4600,North America
4601,North America
4597,North America
4598,North America
4602,North America
4603,North America
4604,North America
4605,North America
4606,North America
4607,North America
4608,North America
4609,North America
4610,North America
4611,North America
4612,North America
4613,North America
4614,North America
4615,North America
4616,North America
4617,North America
4618,North America
4619,North America
4620,North America
4621,North America
4622,North America
4623,North America
4624,North America
4625,Africa
4626,Africa
4627,Africa
4628,Africa
4629,Africa
4630,Africa
4631,Africa
4632,Africa
4633,Africa
4634,Africa
4635,Africa
4636,Africa
4637,Africa
4638,Africa
4639,Africa
4640,Africa
4641,Africa
4642,Africa
4643,Africa
4644,Africa
4645,Africa
4646,Africa
4647,Africa
4648,Africa
4649,Africa
4650,Africa
4651,Africa
4652,Africa
4653,Africa
4654,Africa
4655,Africa
4656,Africa
4657,Africa
4658,Africa
4659,Africa
4660,Africa
4661,Africa
4662,Africa
4663,Africa
4664,Africa
4665,Africa
4666,Africa
4667,Africa
4668,Africa
4669,Africa
4670,Africa
4671,Africa
4672,Africa
4673,Africa
4674,Africa
4675,Africa
4676,Africa
4677,Africa
4678,Africa
4679,Africa
4680,Africa
4681,Africa
4682,Africa
4683,Africa
4684,Africa
4685,Africa
4686,Africa
4687,Africa
4688,Africa
4689,Africa
4690,Africa
4691,Africa
4692,Africa
4693,Africa
4698,Africa
4701,Africa
4715,Africa
4716,Africa
4717,Africa
4718,Africa
4699,Africa
4700,Africa
4727,North America
4728,North America
4729,North America
4730,North America
4731,North America
4732,North America
4733,North America
4734,North America
4735,North America
4736,North America
4737,North America
4738,North America
4739,North America
4740,North America
4741,North America
4742,North America
4743,North America
4744,North America
4745,North America
4746,North America
4747,North America
4748,North America
4749,North America
4750,North America
4751,North America
4752,North America
4753,North America
4754,North America
4755,North America
4756,North America
4757,North America
4758,North America
4759,North America
4760,North America
4829,Europe
4830,Europe
4831,Europe
4832,Europe
4833,Europe
4834,Europe
4835,Europe
4836,Europe
4837,Europe
4838,Europe
4839,Europe
4840,Europe
4841,Europe
4842,Europe
4843,Europe
4844,Europe
4845,Europe
4846,Europe
4847,Europe
4848,Europe
4849,Europe
4850,Europe
4851,Europe
4852,Europe
4853,Europe
4854,Europe
4855,Europe
4856,Europe
4857,Europe
4858,Europe
4859,Europe
4860,Europe
4861,Europe
4862,Europe
4863,Asia
4864,Asia
4865,Asia
4866,Asia
4867,Asia
4868,Asia
4869,Asia
4870,Asia
4871,Asia
4872,Asia
4873,Asia
4874,Asia
4875,Asia
4876,Asia
4877,Asia
4878,Asia
4879,Asia
4880,Asia
4881,Asia
4882,Asia
4883,Asia
4884,Asia
4885,Asia
4886,Asia
4887,Asia
4888,Asia
4889,Asia
4890,Asia
4891,Asia
4892,Asia
4893,Asia
4894,Asia
4895,Asia
4896,Asia
4931,North America
4932,North America
4933,North America
4934,North America
4935,North America
4965,Africa
4966,Africa
4967,Africa
4951,North America
4952,North America
4953,North America
4954,North America
4968,Africa
4969,Africa
4970,Africa
4971,Africa
4972,Africa
4973,Africa
4974,Africa
4975,Africa
4976,Africa
4977,Africa
4978,Africa
4979,Africa
4980,Africa
4981,Africa
4982,Africa
4983,Africa
4984,Africa
4985,Africa
4986,Africa
4987,Africa
4988,Africa
4989,Africa
4990,Africa
4991,Africa
4992,Africa
4993,Africa
4994,Africa
4995,Africa
4996,Africa
4997,Africa
4998,Africa
4999,Africa
5000,Africa
5001,Africa
5002,Africa
5003,Africa
5004,Africa
5005,Africa
5006,Africa
5007,Africa
5008,Africa
5009,Africa
5010,Africa
5011,Africa
5012,Africa
5013,Africa
5014,Africa
5015,Africa
5016,Africa
5017,Africa
5018,Africa
5019,Africa
5020,Africa
5021,Africa
5022,Africa
5023,Africa
5024,Africa
5025,Africa
5026,Africa
5027,Africa
5028,Africa
5029,Africa
5030,Africa
5031,Africa
5032,Africa
5033,Asia
5034,Asia
5035,Asia
5036,Asia
5037,Asia
5038,Asia
5039,Asia
5040,Asia
5041,Asia
5042,Asia
5043,Asia
5044,Asia
5045,Asia
5046,Asia
5047,Asia
5048,Asia
5049,Asia
5050,Asia
5051,Asia
5052,Asia
5053,Asia
5054,Asia
5055,Asia
5056,Asia
5057,Asia
5058,Asia
5059,Asia
5060,Asia
5061,Asia
5062,Asia
5063,Asia
5064,Asia
5065,Asia
5066,Asia
5067,Africa
5068,Africa
5069,Africa
5070,Africa
5071,Africa
5072,Africa
5073,Africa
5074,Africa
5075,Africa
5076,Africa
5077,Africa
5078,Africa
5079,Africa
5080,Africa
5081,Africa
5082,Africa
5083,Africa
5084,Africa
5085,Africa
5086,Africa
5087,Africa
5088,Africa
5089,Africa
5090,Africa
5091,Africa
5092,Africa
5093,Africa
5094,Africa
5095,Africa
5096,Africa
5097,Africa
5098,Africa
5099,Africa
5100,Africa
5101,Oceania
712,Europe
5135,Asia
5136,Asia
5137,Asia
5138,Asia
5139,Asia
5140,Asia
5141,Asia
5142,Asia
5143,Asia
5144,Asia
5145,Asia
5146,Asia
5147,Asia
5148,Asia
5149,Asia
5150,Asia
5151,Asia
5152,Asia
5153,Asia
5154,Asia
5155,Asia
5127,Oceania
5156,Asia
5157,Asia
5158,Asia
5159,Asia
5160,Asia
5161,Asia
5162,Asia
5163,Asia
5164,Asia
5165,Asia
5166,Asia
5167,Asia
5168,Asia
5169,Europe
5170,Europe
5171,Europe
5172,Europe
5173,Europe
5174,Europe
5175,Europe
5176,Europe
5177,Europe
5178,Europe
5179,Europe
5180,Europe
5181,Europe
5182,Europe
5183,Europe
5184,Europe
5185,Europe
5186,Europe
5187,Europe
5188,Europe
5189,Europe
5190,Europe
5191,Europe
5192,Europe
5193,Europe
5194,Europe
5195,Europe
5196,Europe
5197,Europe
5198,Europe
5199,Europe
5200,Europe
5201,Europe
5202,Europe
5237,Oceania
5238,Oceania
5239,Oceania
5240,Oceania
5241,Oceania
5242,Oceania
5243,Oceania
5244,Oceania
5245,Oceania
5246,Oceania
5247,Oceania
5248,Oceania
5249,Oceania
5250,Oceania
5251,Oceania
5252,Oceania
5253,Oceania
5254,Oceania
5255,Oceania
5256,Oceania
5257,Oceania
5258,Oceania
5259,Oceania
5260,Oceania
5261,Oceania
5262,Oceania
5263,Oceania
5264,Oceania
5265,Oceania
5266,Oceania
5267,Oceania
5268,Oceania
5269,Oceania
5270,Oceania
5271,Oceania
5272,Oceania
8069,Oceania
5273,Oceania
5274,Oceania
5275,Oceania
5276,Oceania
5277,Oceania
5278,Oceania
5279,Oceania
5280,Oceania
5281,Oceania
5282,Oceania
5283,Oceania
5284,Oceania
5285,Oceania
5286,Oceania
5287,Oceania
5288,Oceania
5289,Oceania
5290,Oceania
5291,Oceania
5292,Oceania
5293,Oceania
5294,Oceania
5295,Oceania
5296,Oceania
5297,Oceania
5298,Oceania
5299,Oceania
5300,Oceania
5301,Oceania
5302,Oceania
5303,Oceania
5304,Oceania
5305,North America
5306,North America
5307,North America
5308,North America
5309,North America
5310,North America
5311,North America
5312,North America
5313,North America
5314,North America
5315,North America
5316,North America
5317,North America
5318,North America
5319,North America
5320,North America
5321,North America
5322,North America
5323,North America
5324,North America
5325,North America
5326,North America
5327,North America
5328,North America
5329,North America
5330,North America
5331,North America
5332,North America
5333,North America
5334,North America
5335,North America
5336,North America
5337,North America
5338,North America
5339,Africa
5340,Africa
5341,Africa
5342,Africa
5343,Africa
5344,Africa
5345,Africa
5346,Africa
5347,Africa
5348,Africa
5349,Africa
5350,Africa
5351,Africa
5352,Africa
5353,Africa
5354,Africa
5355,Africa
5356,Africa
5357,Africa
5358,Africa
5359,Africa
5360,Africa
5361,Africa
5362,Africa
5363,Africa
5364,Africa
5365,Africa
5366,Africa
5367,Africa
5368,Africa
5369,Africa
5370,Africa
5371,Africa
5372,Africa
5373,Africa
5374,Africa
5375,Africa
5376,Africa
5377,Africa
5378,Africa
5379,Africa
5380,Africa
5381,Africa
5382,Africa
5383,Africa
5384,Africa
5385,Africa
5386,Africa
5387,Africa
5388,Africa
5389,Africa
5390,Africa
5391,Africa
5392,Africa
5393,Africa
5394,Africa
5395,Africa
5396,Africa
5397,Africa
5398,Africa
5399,Africa
5400,Africa
5401,Africa
5402,Africa
5403,Africa
5404,Africa
5405,Africa
5406,Africa
5407,Oceania
5408,Oceania
5431,Oceania
5432,Oceania
5433,Oceania
5445,Oceania
5446,Oceania
5455,Oceania
5456,Oceania
5465,Oceania
5466,Oceania
5467,Oceania
5509,Europe
5510,Europe
5511,Europe
5512,Europe
5513,Europe
5514,Europe
5515,Europe
5516,Europe
5517,Europe
5518,Europe
5519,Europe
2424,Africa
5520,Europe
5521,Europe
5522,Europe
5523,Europe
5524,Europe
5525,Europe
5526,Europe
5527,Europe
5528,Europe
5529,Europe
5530,Europe
5531,Europe
5532,Europe
5533,Europe
5534,Europe
5535,Europe
5536,Europe
5537,Europe
5538,Europe
5539,Europe
5540,Europe
5541,Europe
5542,Europe
5543,Asia
5544,Asia
5545,Asia
5546,Asia
5547,Asia
5548,Asia
5549,Asia
5550,Asia
5551,Asia
5552,Asia
5553,Asia
5554,Asia
5559,Asia
5560,Asia
5561,Asia
5562,Asia
5563,Asia
5564,Asia
5565,Asia
5566,Asia
5567,Asia
5555,Asia
5556,Asia
5568,Asia
5569,Asia
5570,Asia
5573,Asia
5574,Asia
5575,Asia
5576,Asia
5611,Asia
5612,Asia
5613,Asia
5614,Asia
5615,Asia
5616,Asia
5617,Asia
5618,Asia
5619,Asia
5620,Asia
5621,Asia
5622,Asia
5623,Asia
5624,Asia
5625,Asia
5626,Asia
5627,Asia
5628,Asia
5629,Asia
5630,Asia
5631,Asia
5632,Asia
5633,Asia
5634,Asia
5635,Asia
5636,Asia
5637,Asia
5638,Asia
5639,Asia
5640,Asia
5641,Asia
5642,Asia
5643,Asia
5644,Asia
5654,Oceania
501,Asia
5747,Oceania
5748,Oceania
5749,Oceania
5750,Oceania
5751,Oceania
5718,North America
5752,Oceania
5753,Oceania
5754,Oceania
5755,Oceania
5756,Oceania
5757,Oceania
5758,Oceania
5759,Oceania
5760,Oceania
5761,Oceania
5762,Oceania
5763,Oceania
5764,Oceania
5765,Oceania
5766,Oceania
5767,Oceania
5768,Oceania
5769,Oceania
5770,Oceania
5771,Oceania
5772,Oceania
5773,Oceania
5774,Oceania
8070,Oceania
5775,Oceania
5776,Oceania
5777,Oceania
5778,Oceania
5779,Oceania
5780,Oceania
5781,South America
5782,South America
5783,South America
5784,South America
5785,South America
5786,South America
5787,South America
5788,South America
5789,South America
5790,South America
5791,South America
5792,South America
5793,South America
5794,South America
5795,South America
5796,South America
5797,South America
5798,South America
5799,South America
5800,South America
5801,South America
5802,South America
5803,South America
5804,South America
5805,South America
5806,South America
5807,South America
5808,South America
5809,South America
5810,South America
5811,South America
5812,South America
5813,South America
5814,South America
5815,South America
5816,South America
5817,South America
5818,South America
5819,South America
5820,South America
5821,South America
5822,South America
5823,South America
5824,South America
5825,South America
5826,South America
5827,South America
5828,South America
5829,South America
5830,South America
5831,South America
5832,South America
5833,South America
5834,South America
5835,South America
5836,South America
5837,South America
5838,South America
5839,South America
5840,South America
5841,South America
5842,South America
5843,South America
5844,South America
5845,South America
5846,South America
5847,South America
5848,South America
5849,Asia
5850,Asia
5851,Asia
5852,Asia
5853,Asia
5854,Asia
5855,Asia
5856,Asia
5857,Asia
5858,Asia
5859,Asia
5860,Asia
5861,Asia
5862,Asia
5863,Asia
5864,Asia
5865,Asia
5866,Asia
5867,Asia
5868,Asia
5869,Asia
5870,Asia
5871,Asia
5872,Asia
5873,Asia
5874,Asia
5875,Asia
5876,Asia
5877,Asia
5878,Asia
5879,Asia
5880,Asia
5881,Asia
5882,Asia
5917,Europe
5918,Europe
5919,Europe
5920,Europe
5921,Europe
5922,Europe
5923,Europe
5924,Europe
5925,Europe
5926,Europe
5927,Europe
5928,Europe
5929,Europe
5930,Europe
5931,Europe
5932,Europe
5933,Europe
5934,Europe
5935,Europe
5936,Europe
5937,Europe
5938,Europe
5939,Europe
5940,Europe
5941,Europe
5942,Europe
5943,Europe
5944,Europe
5945,Europe
5946,Europe
5947,Europe
5948,Europe
5949,Europe
5950,Europe
5951,Europe
5952,Europe
5953,Europe
5954,Europe
5955,Europe
5956,Europe
5957,Europe
5958,Europe
5959,Europe
5960,Europe
5961,Europe
5962,Europe
5963,Europe
5964,Europe
5965,Europe
5966,Europe
5967,Europe
5968,Europe
5969,Europe
5970,Europe
5971,Europe
5972,Europe
5973,Europe
5974,Europe
5975,Europe
5976,Europe
5977,Europe
5978,Europe
5979,Europe
5980,Europe
5981,Europe
5982,Europe
5983,Europe
5984,Europe
5985,North America
5986,North America
5987,North America
5988,North America
5989,North America
5990,North America
5991,North America
5992,North America
5993,North America
5994,North America
5995,North America
5996,North America
5997,North America
5998,North America
5999,North America
6000,North America
6001,North America
6002,North America
6003,North America
6004,North America
6005,North America
6006,North America
6007,North America
6008,North America
6009,North America
6010,North America
6011,North America
6012,North America
6013,North America
6014,North America
6015,North America
6016,North America
6017,North America
6018,North America
6019,Asia
6020,Asia
6021,Asia
6022,Asia
6023,Asia
6024,Asia
6025,Asia
6026,Asia
6027,Asia
6028,Asia
6029,Asia
6030,Asia
6031,Asia
6032,Asia
6033,Asia
6034,Asia
6035,Asia
6036,Asia
6037,Asia
6038,Asia
6039,Asia
6040,Asia
6041,Asia
6042,Asia
6043,Asia
6044,Asia
6045,Asia
6046,Asia
6047,Asia
6048,Asia
6049,Asia
6050,Asia
6051,Asia
6052,Asia
506,Asia
6155,Europe
6156,Europe
6157,Europe
6158,Europe
6159,Europe
6160,Europe
6161,Europe
6162,Europe
6163,Europe
6164,Europe
6165,Europe
6166,Europe
6167,Europe
6168,Europe
6169,Europe
6170,Europe
6171,Europe
6172,Europe
6173,Europe
6174,Europe
6175,Europe
6176,Europe
6177,Europe
6178,Europe
6179,Europe
6180,Europe
6181,Europe
6182,Europe
6183,Europe
6184,Europe
6185,Europe
6186,Europe
6187,Europe
6188,Europe
6223,Africa
6237,Africa
6238,Africa
6233,Africa
6234,Africa
6251,Africa
6252,Africa
6325,North America
6326,North America
6327,North America
6328,North America
6329,North America
6330,North America
6331,North America
6332,North America
6333,North America
6334,North America
6335,North America
6336,North America
6337,North America
6338,North America
6339,North America
6340,North America
6341,North America
6342,North America
6343,North America
6344,North America
6345,North America
6346,North America
6347,North America
6348,North America
6349,North America
6350,North America
6351,North America
6352,North America
6353,North America
6354,North America
6355,North America
6356,North America
6357,North America
6358,North America
8071,Oceania
6427,Oceania
6428,Oceania
6451,Oceania
6452,Oceania
6434,Oceania
6437,Oceania
6438,Oceania
6453,Oceania
6454,Oceania
6435,Oceania
6436,Oceania
6461,Europe
6462,Europe
6463,Europe
6464,Europe
6465,Europe
6466,Europe
6467,Europe
6468,Europe
6469,Europe
6470,Europe
6471,Europe
6472,Europe
6473,Europe
6474,Europe
6475,Europe
6476,Europe
6477,Europe
6478,Europe
6479,Europe
6480,Europe
6481,Europe
6482,Europe
6483,Europe
6484,Europe
6485,Europe
6486,Europe
6487,Europe
6488,Europe
6489,Europe
6490,Europe
6491,Europe
6492,Europe
6493,Europe
6494,Europe
6529,Asia
6530,Asia
6531,Asia
6532,Asia
6533,Asia
6534,Asia
6535,Asia
6536,Asia
6537,Asia
6538,Asia
6539,Asia
6540,Asia
6541,Asia
6542,Asia
6543,Asia
6544,Asia
6545,Asia
6546,Asia
6547,Asia
6548,Asia
6549,Asia
6550,Asia
6551,Asia
6552,Asia
6553,Asia
6554,Asia
6555,Asia
6556,Asia
6557,Asia
6558,Asia
6559,Asia
6560,Asia
6561,Asia
6562,Asia
6563,Africa
6564,Africa
6565,Africa
6566,Africa
6567,Africa
6568,Africa
6569,Africa
6570,Africa
6571,Africa
6572,Africa
6573,Africa
6574,Africa
6575,Africa
6576,Africa
6577,Africa
6578,Africa
6579,Africa
6580,Africa
6581,Africa
6582,Africa
6583,Africa
6584,Africa
6585,Africa
6586,Africa
6587,Africa
6588,Africa
6589,Africa
6590,Africa
6591,Africa
6592,Africa
6593,Africa
6594,Africa
6595,Africa
6596,Africa
6598,Europe
6665,Africa
6666,Africa
6613,Europe
6667,Africa
6668,Africa
6669,Africa
6670,Africa
6671,Africa
6672,Africa
6673,Africa
6674,Africa
6675,Africa
6676,Africa
6677,Africa
6678,Africa
6679,Africa
6680,Africa
6681,Africa
6682,Africa
6683,Africa
6684,Africa
6685,Africa
6686,Africa
6687,Africa
6688,Africa
6689,Africa
6690,Africa
6691,Africa
6692,Africa
6693,Africa
6694,Africa
6695,Africa
6696,Africa
6697,Africa
6698,Africa
6703,Africa
6704,Africa
6699,Africa
6700,Africa
6711,Africa
6712,Africa
6721,Africa
6722,Africa
6715,Africa
6716,Africa
6727,Africa
6728,Africa
6723,Africa
6724,Africa
6725,Africa
6726,Africa
6731,Africa
6732,Africa
6742,Asia
6743,Asia
6744,Asia
6745,Asia
6843,Oceania
6844,Oceania
6835,Oceania
6836,Oceania
6837,Oceania
6838,Oceania
6851,Oceania
6841,Oceania
6842,Oceania
6869,Africa
6870,Africa
6871,Africa
6872,Africa
6873,Africa
6874,Africa
6875,Africa
6876,Africa
6877,Africa
6878,Africa
6879,Africa
6880,Africa
6881,Africa
6882,Africa
6859,Oceania
6860,Oceania
6883,Africa
6884,Africa
6885,Africa
6886,Africa
6887,Africa
6888,Africa
6889,Africa
6890,Africa
6891,Africa
6892,Africa
6893,Africa
6894,Africa
6895,Africa
6896,Africa
6897,Africa
6898,Africa
6899,Africa
6900,Africa
6901,Africa
6902,Africa
6903,Africa
6904,Africa
6905,Africa
6906,Africa
6907,Africa
6908,Africa
6909,Africa
6910,Africa
6911,Africa
6912,Africa
6913,Africa
6914,Africa
6915,Africa
6916,Africa
6917,Africa
6918,Africa
6919,Africa
6920,Africa
6921,Africa
6922,Africa
6923,Africa
6924,Africa
6925,Africa
6926,Africa
6927,Africa
6928,Africa
6929,Africa
6930,Africa
6931,Africa
6932,Africa
6933,Africa
6934,Africa
6935,Africa
6936,Africa
7005,Europe
7006,Europe
7007,Europe
7008,Europe
7009,Europe
7010,Europe
7011,Europe
7012,Europe
7013,Europe
7014,Europe
7015,Europe
7016,Europe
7017,Europe
7018,Europe
7019,Europe
7020,Europe
7021,Europe
7022,Europe
2944,Asia
7023,Europe
7024,Europe
7025,Europe
7026,Europe
7027,Europe
7028,Europe
7029,Europe
7030,Europe
7031,Europe
7032,Europe
7033,Europe
7034,Europe
7035,Europe
7036,Europe
7037,Europe
7038,Europe
7039,Asia
7040,Asia
7041,Asia
7042,Asia
7043,Asia
7044,Asia
7045,Asia
7046,Asia
7047,Asia
7048,Asia
7049,Asia
7050,Asia
7051,Asia
7052,Asia
7053,Asia
7054,Asia
7055,Asia
7056,Asia
7057,Asia
7058,Asia
7059,Asia
7060,Asia
7061,Asia
7062,Asia
7063,Asia
7064,Asia
7065,Asia
7066,Asia
7067,Asia
7068,Asia
7069,Asia
7070,Asia
7071,Asia
7072,Asia
7141,South America
7142,South America
7143,South America
7144,South America
7145,South America
7146,South America
7147,South America
7148,South America
7149,South America
7150,South America
7151,South America
7152,South America
7153,South America
7154,South America
7155,South America
7156,South America
7157,South America
7158,South America
7159,South America
7160,South America
7161,South America
7162,South America
7163,South America
7164,South America
7165,South America
7166,South America
7167,South America
7168,South America
7169,South America
7170,South America
7171,South America
7172,South America
7173,South America
7174,South America
7209,Europe
7210,Europe
7211,Europe
7212,Europe
7213,Europe
7214,Europe
7215,Europe
7216,Europe
7217,Europe
7218,Europe
7219,Europe
7220,Europe
7221,Europe
7222,Europe
7223,Europe
7224,Europe
7225,Europe
7226,Europe
7227,Europe
7228,Europe
7229,Europe
7230,Europe
7231,Europe
7232,Europe
7233,Europe
7234,Europe
7235,Europe
7236,Europe
7237,Europe
7238,Europe
7239,Europe
7240,Europe
7241,Europe
7242,Europe
7243,Europe
7244,Europe
7245,Europe
7246,Europe
7247,Europe
7248,Europe
7249,Europe
7250,Europe
7251,Europe
7252,Europe
7253,Europe
7254,Europe
7255,Europe
7256,Europe
7257,Europe
7258,Europe
7259,Europe
7260,Europe
7261,Europe
7262,Europe
7263,Europe
7264,Europe
7265,Europe
7266,Europe
7267,Europe
7268,Europe
7269,Europe
7270,Europe
7271,Europe
7272,Europe
7273,Europe
7274,Europe
7275,Europe
7276,Europe
7277,Asia
7278,Asia
7279,Asia
7280,Asia
7281,Asia
7282,Asia
7283,Asia
7284,Asia
7285,Asia
7286,Asia
7287,Asia
7288,Asia
7289,Asia
7290,Asia
7291,Asia
7292,Asia
7293,Asia
7294,Asia
7295,Asia
7296,Asia
7297,Asia
7298,Asia
7299,Asia
7300,Asia
7301,Asia
7302,Asia
7303,Asia
7304,Asia
7305,Asia
7306,Asia
7307,Asia
7308,Asia
7309,Asia
7310,Asia
7345,Asia
7346,Asia
7347,Asia
7348,Asia
7349,Asia
649,Europe
7350,Asia
7351,Asia
7352,Asia
7353,Asia
7354,Asia
7355,Asia
7356,Asia
7357,Asia
7358,Asia
7359,Asia
7360,Asia
7361,Asia
7362,Asia
7363,Asia
7364,Asia
7365,Asia
7366,Asia
7367,Asia
7368,Asia
7369,Asia
7370,Asia
7371,Asia
7372,Asia
7373,Asia
7374,Asia
7375,Asia
7376,Asia
7377,Asia
7378,Asia
7413,Africa
7414,Africa
7415,Africa
7416,Africa
7417,Africa
7418,Africa
7419,Africa
7420,Africa
7421,Africa
7422,Africa
7423,Africa
7424,Africa
7425,Africa
7426,Africa
7427,Africa
7428,Africa
7429,Africa
7430,Africa
7431,Africa
7432,Africa
7433,Africa
7434,Africa
7435,Africa
7436,Africa
7437,Africa
7438,Africa
7439,Africa
7440,Africa
7441,Africa
7442,Africa
7443,Africa
7444,Africa
7445,Africa
7446,Africa
7481,Oceania
7482,Oceania
7483,Oceania
7484,Oceania
7485,Oceania
7486,Oceania
7487,Oceania
7488,Oceania
7489,Oceania
7490,Oceania
7491,Oceania
7492,Oceania
7493,Oceania
7494,Oceania
7495,Oceania
7496,Oceania
7497,Oceania
7498,Oceania
7499,Oceania
7500,Oceania
7501,Oceania
7502,Oceania
7503,Oceania
7504,Oceania
7505,Oceania
7506,Oceania
7507,Oceania
7508,Oceania
7509,Oceania
7510,Oceania
7511,Oceania
7512,Oceania
7513,Oceania
7514,Oceania
7549,Africa
7550,Africa
7551,Africa
7552,Africa
7553,Africa
7554,Africa
7555,Africa
7556,Africa
7557,Africa
7558,Africa
7559,Africa
7560,Africa
7561,Africa
7562,Africa
7563,Africa
7564,Africa
7565,Africa
7566,Africa
7567,Africa
7568,Africa
7569,Africa
7570,Africa
7571,Africa
7572,Africa
7573,Africa
7574,Africa
7575,Africa
7576,Africa
7577,Africa
7578,Africa
7579,Africa
7580,Africa
7581,Africa
7582,Africa
7583,Asia
7584,Asia
7585,Asia
7586,Asia
7587,Asia
7588,Asia
7589,Asia
7590,Asia
7591,Asia
7592,Asia
7593,Asia
7594,Asia
7595,Asia
7596,Asia
7597,Asia
7598,Asia
7599,Asia
7600,Asia
7601,Asia
7602,Asia
7603,Asia
7604,Asia
7605,Asia
7606,Asia
7607,Asia
7608,Asia
7609,Asia
7610,Asia
7611,Asia
7612,Asia
7613,Asia
7614,Asia
7615,Asia
7616,Asia
656,Europe
7689,Oceania
7690,Oceania
7691,Oceania
7687,Oceania
7688,Oceania
7685,Oceania
7686,Oceania
7692,Oceania
7697,Oceania
7698,Oceania
7699,Oceania
7700,Oceania
7703,Oceania
7704,Oceania
7705,Oceania
7706,Oceania
7709,Oceania
7710,Oceania
7711,Oceania
7712,Oceania
7713,Oceania
7714,Oceania
7715,Oceania
7707,Oceania
7708,Oceania
7695,Oceania
7696,Oceania
7701,Oceania
7702,Oceania
7716,Oceania
7717,Oceania
7718,Oceania
7719,Africa
7720,Africa
7721,Africa
7722,Africa
7723,Africa
7724,Africa
7725,Africa
7726,Africa
7727,Africa
7728,Africa
7729,Africa
7730,Africa
7731,Africa
7732,Africa
7733,Africa
7734,Africa
7735,Africa
7736,Africa
7737,Africa
7738,Africa
7739,Africa
7740,Africa
7741,Africa
7742,Africa
7743,Africa
7744,Africa
7745,Africa
7746,Africa
7747,Africa
7748,Africa
7749,Africa
7750,Africa
7751,Africa
7752,Africa
7787,Asia
7788,Asia
7789,Asia
7790,Asia
7791,Asia
7792,Asia
7793,Asia
7794,Asia
7795,Asia
7796,Asia
7797,Asia
7798,Asia
7799,Asia
7800,Asia
7801,Asia
7802,Asia
7803,Asia
7804,Asia
7805,Asia
7806,Asia
7807,Asia
7808,Asia
7809,Asia
7810,Asia
7811,Asia
7812,Asia
7813,Asia
7814,Asia
7815,Asia
7816,Asia
7817,Asia
7818,Asia
7819,Asia
7820,Asia
7821,Europe
7822,Europe
7823,Europe
7824,Europe
7825,Europe
7826,Europe
7827,Europe
7828,Europe
7829,Europe
7830,Europe
7831,Europe
7832,Europe
7833,Europe
7834,Europe
7835,Europe
7836,Europe
7837,Europe
7838,Europe
7839,Europe
7840,Europe
7841,Europe
7842,Europe
7843,Europe
7844,Europe
7845,Europe
7846,Europe
7847,Europe
7848,Europe
7849,Europe
7850,Europe
7851,Europe
7852,Europe
7853,Europe
7854,Europe
7957,South America
7958,South America
7959,South America
7960,South America
7961,South America
7962,South America
7963,South America
7964,South America
7965,South America
7966,South America
7967,South America
7968,South America
7969,South America
7970,South America
7971,South America
7972,South America
7973,South America
7974,South America
7975,South America
7976,South America
7977,South America
7978,South America
7979,South America
7980,South America
7981,South America
7982,South America
7983,South America
7984,South America
7985,South America
7986,South America
7987,South America
7988,South America
7989,South America
7990,South America
8061,Oceania
8062,Oceania
8065,Oceania
8066,Oceania
8067,Oceania
8068,Oceania
660,Europe
4926,Europe
8063,Oceania
8064,Oceania
8059,Oceania
8060,Oceania
8072,Oceania
8075,Oceania
8076,Oceania
8077,Oceania
8078,Oceania
8083,Oceania
8084,Oceania
8085,Oceania
8086,Oceania
8087,Oceania
8088,Oceania
8089,Oceania
8090,Oceania
8091,Oceania
8092,Oceania
8073,Oceania
8074,Oceania
8079,Oceania
8080,Oceania
8127,Asia
8128,Asia
8129,Asia
8130,Asia
8131,Asia
8132,Asia
8133,Asia
8134,Asia
8135,Asia
8136,Asia
8137,Asia
8138,Asia
8139,Asia
8140,Asia
8141,Asia
8142,Asia
8143,Asia
8144,Asia
8145,Asia
8146,Asia
8147,Asia
8148,Asia
8149,Asia
8150,Asia
8151,Asia
8152,Asia
8153,Asia
8154,Asia
8155,Asia
8156,Asia
8157,Asia
8158,Asia
8159,Asia
8160,Asia
8229,NOT_FOUND
8230,NOT_FOUND
8231,NOT_FOUND
8232,NOT_FOUND
8233,NOT_FOUND
8234,NOT_FOUND
8235,NOT_FOUND
8236,NOT_FOUND
8237,NOT_FOUND
8238,NOT_FOUND
8239,NOT_FOUND
8240,NOT_FOUND
8241,NOT_FOUND
8242,NOT_FOUND
8243,NOT_FOUND
8244,NOT_FOUND
8245,NOT_FOUND
8246,NOT_FOUND
8247,NOT_FOUND
8248,NOT_FOUND
8249,NOT_FOUND
8250,NOT_FOUND
8251,NOT_FOUND
8252,NOT_FOUND
8253,NOT_FOUND
8254,NOT_FOUND
8255,NOT_FOUND
8256,NOT_FOUND
8257,NOT_FOUND
8258,NOT_FOUND
8259,NOT_FOUND
8260,NOT_FOUND
8261,NOT_FOUND
8262,NOT_FOUND
8263,Asia
8264,Asia
8265,Asia
8285,Asia
8286,Asia
8333,Africa
8334,Africa
8335,Africa
8336,Africa
8337,Africa
8338,Africa
8339,Africa
8340,Africa
8341,Africa
8331,Africa
8332,Africa
8342,Africa
8343,Africa
8344,Africa
8345,Africa
8346,Africa
8347,Africa
8348,Africa
8349,Africa
8350,Africa
8351,Africa
8352,Africa
8353,Africa
8354,Africa
8355,Africa
8356,Africa
8357,Africa
8358,Africa
8359,Africa
8360,Africa
8361,Africa
8362,Africa
8363,Africa
8364,Africa
8365,Africa
8366,Africa
8367,Africa
8368,Africa
8369,Africa
8370,Africa
8371,Africa
8372,Africa
8373,Africa
8374,Africa
8375,Africa
8376,Africa
8377,Africa
8378,Africa
8379,Africa
8380,Africa
8381,Africa
8382,Africa
8383,Africa
8384,Africa
8385,Africa
8386,Africa
8387,Africa
8388,Africa
8389,Africa
8390,Africa
8391,Africa
8392,Africa
8393,Africa
8394,Africa
8395,Africa
8396,Africa
8397,Africa
8398,Africa
4929,Europe
4930,Europe
1293,North America
1294,North America
1297,North America
1298,North America
1299,North America
1300,North America
4457,Asia
4455,Asia
4456,Asia
4560,Oceania
4485,Asia
4486,Asia
4484,Asia
4487,Asia
4488,Asia
6196,Europe
6629,Europe
691,Europe
692,Europe
6628,Europe
5572,Asia
664,Europe
4562,Oceania
5557,Asia
5558,Asia
2938,Asia
698,Europe
7780,Europe
702,Europe
4014,Asia
491,Asia
690,Europe
1652,Asia
4086,Europe
4306,Europe
4564,Oceania
5735,North America
5733,North America
2534,Africa
2940,Asia
1301,North America
1302,North America
5111,Oceania
5668,Oceania
2550,Africa
5713,North America
5715,North America
5717,North America
5719,North America
5721,North America
5723,North America
5725,North America
5727,North America
5729,North America
5731,North America
5737,North America
5739,North America
5741,North America
5743,North America
5745,North America
7320,Asia
350,Asia
8034,Asia
4924,Europe
1306,North America
1307,North America
1308,North America
1319,North America
391,North America
392,North America
5125,Oceania
5119,Oceania
4458,Asia
4459,Asia
4460,Asia
4461,Asia
4462,Asia
4479,Asia
4480,Asia
4473,Asia
4474,Asia
4471,Asia
4472,Asia
4481,Asia
4482,Asia
4470,Asia
4475,Asia
4476,Asia
4477,Asia
2934,Asia
6790,Europe
2954,Asia
4304,Europe
5128,Oceania
7076,Africa
714,Europe
711,Europe
713,Europe
1849,North America
1851,North America
1855,North America
1847,North America
1853,North America
1845,North America
1865,North America
1867,North America
1859,North America
1857,North America
5421,Oceania
5422,Oceania
5423,Oceania
1837,North America
1861,North America
1839,North America
1869,North America
7093,Africa
5409,Oceania
5410,Oceania
5411,Oceania
5412,Oceania
1841,North America
1843,North America
1863,North America
496,Asia
2522,Africa
7091,Africa
495,Asia
7693,Oceania
7694,Oceania
4465,Asia
4466,Asia
4469,Asia
4478,Asia
4483,Asia
2524,Africa
4463,Asia
4464,Asia
4467,Asia
4468,Asia
1655,Asia
1649,Asia
1653,Asia
1651,Asia
1663,Asia
7754,Europe
1633,Asia
1637,Asia
1645,Asia
1657,Asia
1635,Asia
2450,Europe
4098,Europe
6608,Europe
2423,Africa
498,Asia
497,Asia
358,Asia
2926,Asia
5114,Oceania
5116,Oceania
1681,Asia
1682,Asia
5457,Oceania
5458,Oceania
2925,Asia
1124,Africa
1127,Africa
1128,Africa
1755,Africa
1756,Africa
5447,Oceania
5448,Oceania
6247,Africa
6248,Africa
5449,Oceania
5450,Oceania
5451,Oceania
5452,Oceania
5453,Oceania
5459,Oceania
5460,Oceania
5110,Oceania
1735,Africa
1736,Africa
393,North America
394,North America
387,North America
388,North America
386,North America
403,North America
404,North America
407,North America
408,North America
4697,Africa
4709,Africa
4710,Africa
4703,Africa
4704,Africa
6739,Asia
6740,Asia
6741,Asia
3785,North America
3786,North America
3787,North America
3788,North America
3789,North America
3783,North America
3784,North America
402,North America
1143,Africa
6239,Africa
6240,Africa
6245,Africa
6246,Africa
4702,Africa
4719,Africa
4720,Africa
4723,Africa
4724,Africa
6733,Asia
6249,Africa
4705,Africa
4725,Africa
4726,Africa
6254,Africa
4706,Africa
4721,Africa
4722,Africa
6229,Africa
4713,Africa
4714,Africa
6230,Africa
6235,Africa
6236,Africa
6243,Africa
3790,North America
3803,North America
3804,North America
3791,North America
3792,North America
3793,North America
3794,North America
3795,North America
2549,Africa
3801,North America
3802,North America
3807,North America
3808,North America
6226,Africa
493,Asia
3796,North America
3797,North America
3798,North America
3805,North America
3806,North America
2546,Africa
370,Asia
383,North America
384,North America
381,North America
389,North America
395,North America
396,North America
382,North America
401,North America
3782,North America
390,North America
405,North America
406,North America
629,North America
630,North America
631,North America
632,North America
635,North America
1145,Africa
625,North America
626,North America
627,North America
628,North America
5722,North America
634,North America
1137,Africa
1138,Africa
1151,Africa
2932,Asia
686,Europe
613,North America
614,North America
638,North America
2589,South America
633,North America
1647,Asia
621,North America
622,North America
637,North America
1739,Africa
1740,Africa
1743,Africa
1744,Africa
1745,Africa
1759,Africa
1760,Africa
1761,Africa
1762,Africa
4694,Africa
4695,Africa
4696,Africa
1763,Africa
1748,Africa
4711,Africa
4712,Africa
639,North America
617,North America
618,North America
645,North America
646,North America
623,North America
624,North America
1639,Asia
1659,Asia
1661,Asia
1665,Asia
7080,Africa
2458,Europe
499,Asia
1126,Africa
1129,Africa
7079,Africa
1741,Africa
1742,Africa
6231,Africa
494,Asia
6840,Oceania
4707,Africa
4708,Africa
6255,Africa
6244,Africa
6256,Africa
1764,Africa
1767,Africa
1768,Africa
6232,Africa
6250,Africa
1643,Asia
2523,Africa
7074,Africa
1641,Asia
695,Europe
696,Europe
2530,Africa
8279,Asia
8280,Asia
8277,Asia
4088,Europe
2605,South America
2590,South America
4902,Europe
4332,Europe
6600,Europe
1770,Africa
2387,Africa
2388,Africa
2857,Africa
2858,Africa
2397,Africa
2381,Africa
2382,Africa
486,Asia
2436,Africa
4557,Oceania
4559,Oceania
4561,Oceania
4563,Oceania
4565,Oceania
4567,Oceania
4569,Oceania
4571,Oceania
4573,Oceania
4575,Oceania
4577,Oceania
4579,Oceania
4581,Oceania
4583,Oceania
4585,Oceania
4587,Oceania
4589,Oceania
5667,Oceania
1339,Africa
1340,Africa
1782,Africa
4371,Africa
4372,Africa
4373,Africa
4374,Africa
4383,Africa
4384,Africa
2395,Africa
2396,Africa
8283,Asia
8284,Asia
2927,Asia
2929,Asia
2931,Asia
2933,Asia
2937,Asia
2935,Asia
341,Asia
343,Asia
345,Asia
347,Asia
349,Asia
351,Asia
353,Asia
355,Asia
357,Asia
359,Asia
361,Asia
363,Asia
365,Asia
367,Asia
369,Asia
371,Asia
373,Asia
2941,Asia
477,Asia
479,Asia
481,Asia
483,Asia
485,Asia
487,Asia
503,Asia
505,Asia
507,Asia
509,Asia
2943,Asia
647,Europe
651,Europe
653,Europe
655,Europe
657,Europe
659,Europe
661,Europe
663,Europe
665,Europe
667,Europe
669,Europe
671,Europe
673,Europe
675,Europe
677,Europe
679,Europe
2945,Asia
2947,Asia
2949,Asia
2951,Asia
2953,Asia
2955,Asia
2957,Asia
1927,Europe
1905,Europe
1907,Europe
1909,Europe
1911,Europe
1913,Europe
1915,Europe
1917,Europe
1919,Europe
1921,Europe
1923,Europe
1925,Europe
1929,Europe
1931,Europe
1933,Europe
1935,Europe
1937,Europe
2449,Europe
2451,Europe
2453,Europe
2455,Europe
2457,Europe
2459,Europe
2461,Europe
2463,Europe
2465,Europe
2467,Europe
2469,Europe
2471,Europe
2473,Europe
2475,Europe
2477,Europe
2479,Europe
2481,Europe
4013,Asia
4015,Asia
4017,Asia
4019,Asia
4021,Asia
4023,Asia
4025,Asia
4027,Asia
4029,Asia
4031,Asia
4033,Asia
4035,Asia
4037,Asia
4039,Asia
4041,Asia
4043,Asia
4045,Asia
4081,Europe
4083,Europe
4085,Europe
4087,Europe
4089,Europe
4091,Europe
4093,Europe
4095,Europe
4097,Europe
4099,Europe
4101,Europe
4103,Europe
4105,Europe
4107,Europe
4109,Europe
4111,Europe
4113,Europe
4285,Europe
4287,Europe
4289,Europe
4291,Europe
4293,Europe
4295,Europe
4297,Europe
4299,Europe
4301,Europe
4303,Europe
4305,Europe
4307,Europe
4309,Europe
4311,Europe
4313,Europe
4315,Europe
4317,Europe
5651,Oceania
5645,Oceania
5653,Oceania
5647,Oceania
5649,Oceania
5663,Oceania
5665,Oceania
5661,Oceania
5669,Oceania
5671,Oceania
6189,Europe
6191,Europe
6193,Europe
6195,Europe
6197,Europe
6199,Europe
6201,Europe
6203,Europe
6205,Europe
6207,Europe
6209,Europe
6211,Europe
6213,Europe
6215,Europe
6217,Europe
6219,Europe
6221,Europe
6801,Europe
6803,Europe
6805,Europe
6807,Europe
6809,Europe
6811,Europe
6813,Europe
6815,Europe
6817,Europe
6819,Europe
6821,Europe
6823,Europe
6825,Europe
6827,Europe
6829,Europe
6831,Europe
6833,Europe
7311,Asia
7313,Asia
7315,Asia
7317,Asia
7319,Asia
7321,Asia
7323,Asia
7325,Asia
7327,Asia
7329,Asia
7331,Asia
7333,Asia
7335,Asia
7337,Asia
7339,Asia
7341,Asia
7343,Asia
7617,Asia
7619,Asia
7621,Asia
7623,Asia
7625,Asia
7627,Asia
7629,Asia
7631,Asia
7633,Asia
7635,Asia
7637,Asia
7639,Asia
7641,Asia
7643,Asia
7645,Asia
7647,Asia
7649,Asia
7753,Europe
7755,Europe
7757,Europe
7759,Europe
7761,Europe
7763,Europe
7765,Europe
7767,Europe
7769,Europe
7771,Europe
7773,Europe
7775,Europe
7777,Europe
7779,Europe
7781,Europe
7783,Europe
7785,Europe
8025,Asia
8027,Asia
8029,Asia
8031,Asia
8033,Asia
8035,Asia
8037,Asia
8039,Asia
8041,Asia
8043,Asia
8045,Asia
8047,Asia
8049,Asia
8051,Asia
7453,Oceania
8053,Asia
8055,Asia
8057,Asia
109,Oceania
110,Oceania
2211,North America
2212,North America
3319,South America
3320,South America
2177,Africa
8281,Asia
8282,Asia
4375,Africa
4376,Africa
2183,Africa
2184,Africa
8266,Asia
8269,Asia
8270,Asia
2533,Africa
2525,Africa
2527,Africa
2529,Africa
2531,Africa
2535,Africa
2537,Africa
2539,Africa
2541,Africa
2543,Africa
2545,Africa
2547,Africa
2429,Africa
2433,Africa
2417,Africa
2421,Africa
2437,Africa
2415,Africa
2517,Africa
2519,Africa
2521,Africa
2439,Africa
6767,Europe
6769,Europe
6771,Europe
6773,Europe
6775,Europe
6777,Europe
6779,Europe
6781,Europe
6783,Europe
6785,Europe
6787,Europe
6789,Europe
6791,Europe
6793,Europe
6795,Europe
6797,Europe
6799,Europe
124,Oceania
107,Oceania
133,Oceania
134,Oceania
120,Oceania
135,Oceania
6449,Oceania
6450,Oceania
6441,Oceania
6442,Oceania
6443,Oceania
6444,Oceania
6445,Oceania
6446,Oceania
3963,Oceania
3964,Oceania
6457,Oceania
6458,Oceania
8081,Oceania
8082,Oceania
129,Oceania
130,Oceania
6839,Oceania
8275,Asia
8276,Asia
8267,Asia
2427,Africa
2431,Africa
2419,Africa
2445,Africa
6429,Oceania
6430,Oceania
5107,Oceania
5109,Oceania
5436,Oceania
6447,Oceania
6448,Oceania
6225,Africa
7465,Oceania
7466,Oceania
8289,Asia
8290,Asia
8291,Asia
8292,Asia
2425,Africa
2435,Africa
2441,Africa
2443,Africa
697,Europe
1155,Africa
2447,Africa
4411,Africa
4412,Africa
7449,Oceania
7450,Oceania
7447,Oceania
7448,Oceania
7471,Oceania
7472,Oceania
7468,Oceania
8271,Asia
8272,Asia
8295,Asia
8296,Asia
2462,Europe
1341,Africa
1342,Africa
1355,Africa
1356,Africa
1783,Africa
1784,Africa
1787,Africa
1788,Africa
1789,Africa
1790,Africa
1781,Africa
1797,Africa
1798,Africa
114,Oceania
1324,North America
122,Oceania
115,Oceania
116,Oceania
1799,Africa
1800,Africa
1801,Africa
1802,Africa
2871,Africa
2872,Africa
2875,Africa
2876,Africa
2869,Africa
2870,Africa
2885,Africa
2886,Africa
3949,Oceania
3950,Oceania
5103,Oceania
3945,Oceania
3946,Oceania
2411,Africa
2412,Africa
2413,Africa
2414,Africa
2398,Africa
2394,Africa
2410,Africa
1156,Africa
7454,Oceania
126,Oceania
7469,Oceania
7477,Oceania
7478,Oceania
6606,Europe
6431,Oceania
6432,Oceania
6433,Oceania
1835,Oceania
1836,Oceania
1831,Oceania
1832,Oceania
1838,North America
3953,Oceania
3954,Oceania
136,Oceania
117,Oceania
118,Oceania
119,Oceania
6455,Oceania
6456,Oceania
1815,Oceania
1816,Oceania
1807,Oceania
1808,Oceania
7451,Oceania
7452,Oceania
4197,Africa
4198,Africa
4199,Africa
4200,Africa
4205,Africa
4206,Africa
4213,Africa
4214,Africa
4203,Africa
4204,Africa
5461,Oceania
5462,Oceania
5471,Oceania
5472,Oceania
1135,Africa
1136,Africa
5469,Oceania
5470,Oceania
5473,Oceania
5474,Oceania
1131,Africa
1132,Africa
7473,Oceania
7474,Oceania
7455,Oceania
693,Europe
699,Europe
701,Europe
703,Europe
705,Europe
707,Europe
709,Europe
681,Europe
683,Europe
685,Europe
687,Europe
689,Europe
4345,Europe
4341,Europe
4339,Europe
4347,Europe
4319,Europe
4321,Europe
4323,Europe
4325,Europe
4327,Europe
4329,Europe
4331,Europe
4333,Europe
4335,Europe
4337,Europe
4343,Europe
4349,Europe
4351,Europe
6701,Africa
6702,Africa
6707,Africa
6708,Africa
6717,Africa
6718,Africa
6705,Africa
6706,Africa
6719,Africa
2191,Africa
5441,Oceania
5442,Oceania
5443,Oceania
5444,Oceania
2192,Africa
6713,Africa
6714,Africa
6729,Africa
6730,Africa
6720,Africa
7479,Oceania
7480,Oceania
1916,Europe
1311,North America
1312,North America
1313,North America
1314,North America
1309,North America
1310,North America
4941,North America
4942,North America
4943,North America
4939,North America
2178,Africa
4944,North America
4959,North America
4960,North America
4955,North America
4956,North America
4957,North America
4958,North America
4963,North America
4964,North America
6709,Africa
6710,Africa
6857,Oceania
6858,Oceania
6855,Oceania
6856,Oceania
6227,Africa
6228,Africa
1149,Africa
1150,Africa
5675,Oceania
3975,Oceania
3976,Oceania
6861,Oceania
3966,Oceania
5655,Oceania
5657,Oceania
5673,Oceania
5677,Oceania
5659,Oceania
6865,Oceania
6866,Oceania
6867,Oceania
6862,Oceania
4945,North America
4946,North America
4947,North America
4948,North America
4949,North America
4950,North America
4961,North America
4962,North America
6850,Oceania
6863,Oceania
6845,Oceania
6846,Oceania
6864,Oceania
2219,North America
2220,North America
2237,North America
2238,North America
4936,North America
4937,North America
4938,North America
4940,North America
6852,Oceania
4090,Europe
3957,Oceania
3958,Oceania
3961,Oceania
3962,Oceania
1295,North America
1303,North America
1304,North America
1305,North America
1320,North America
1321,North America
1322,North America
1325,North America
1323,North America
3965,Oceania
3959,Oceania
3960,Oceania
1296,North America
1317,North America
1318,North America
1326,North America
1147,Africa
1148,Africa
5424,Oceania
8294,Asia
1144,Africa
7457,Oceania
7458,Oceania
7459,Oceania
4925,Europe
4927,Europe
4919,Europe
4921,Europe
4923,Europe
4901,Europe
4907,Europe
4897,Europe
4913,Europe
4899,Europe
4903,Europe
4905,Europe
4909,Europe
4911,Europe
4915,Europe
4917,Europe
6599,Europe
6627,Europe
6611,Europe
6605,Europe
6597,Europe
6601,Europe
6603,Europe
6607,Europe
6609,Europe
6615,Europe
6617,Europe
6619,Europe
6621,Europe
6623,Europe
6625,Europe
3947,Oceania
3948,Oceania
5434,Oceania
6853,Oceania
8268,Asia
6854,Oceania
6849,Oceania
6868,Oceania
6847,Oceania
6848,Oceania
6439,Oceania
6440,Oceania
6459,Oceania
6460,Oceania
6224,Africa
5115,Oceania
5463,Oceania
5464,Oceania
1914,Europe
5468,Oceania
5454,Oceania
5415,Oceania
5416,Oceania
7073,Africa
7077,Africa
7075,Africa
7095,Africa
7089,Africa
7081,Africa
7083,Africa
7085,Africa
7087,Africa
7103,Africa
7101,Africa
7105,Africa
7097,Africa
7099,Africa
2199,Africa
2200,Africa
4397,Africa
4398,Africa
4399,Africa
4400,Africa
4415,Africa
4416,Africa
2179,Africa
2180,Africa
2205,Africa
2206,Africa
2187,Africa
2188,Africa
2185,Africa
2189,Africa
2190,Africa
2186,Africa
5121,Oceania
5123,Oceania
5131,Oceania
5117,Oceania
7467,Oceania
7463,Oceania
7088,Africa
1825,Oceania
1826,Oceania
1814,Oceania
1817,Oceania
1833,Oceania
1834,Oceania
1824,Oceania
5105,Oceania
5129,Oceania
6241,Africa
6242,Africa
1130,Africa
1140,Africa
710,Europe
8293,Asia
1146,Africa
636,North America
8273,Asia
1125,Africa
108,Oceania
5113,Oceania
1152,Africa
1153,Africa
1154,Africa
7470,Oceania
7456,Oceania
7464,Oceania
7460,Oceania
7475,Oceania
7476,Oceania
6253,Africa
125,Oceania
5418,Oceania
8278,Asia
7461,Oceania
7462,Oceania
492,Asia
6759,Asia
6760,Asia
8274,Asia
7092,Africa
356,Asia
5133,Oceania
2585,South America
2586,South America
2587,South America
2588,South America
8287,Asia
6746,Asia
8288,Asia
6734,Asia
6735,Asia
6736,Asia
6737,Asia
6738,Asia
2528,Africa
5425,Oceania
5417,Oceania
2596,South America
5439,Oceania
5440,Oceania
5435,Oceania
2591,South America
2592,South America
2593,South America
5437,Oceania
5438,Oceania
5419,Oceania
5420,Oceania
5413,Oceania
5414,Oceania
2598,South America
2609,South America
2610,South America
6753,Asia
2599,South America
2597,South America
6751,Asia
5426,Oceania
5427,Oceania
5428,Oceania
5429,Oceania
5430,Oceania
6754,Asia
6755,Asia
6756,Asia
6757,Asia
6758,Asia
4904,Europe
6747,Asia
6748,Asia
6749,Asia
6750,Asia
6752,Asia
2426,Africa
2606,South America
6630,Europe
694,Europe
6761,Asia
6762,Asia
6763,Asia
6764,Asia
6765,Asia
654,Europe
2600,South America
2601,South America
7078,Africa
6766,Asia
2594,South America
2595,South America
2602,South America
2603,South America
2604,South America
2607,South America
2608,South America
2611,South America
2612,South America
2613,South America
2614,South America
2615,South America
2616,South America
2617,South America
2618,South America
2434,Africa
1842,North America
2428,Africa
508,Asia
6216,Europe
7084,Africa
2532,Africa
2536,Africa
2538,Africa
7094,Africa
2540,Africa
2542,Africa
2544,Africa
346,Asia
500,Asia
4922,Europe
2548,Africa
2928,Asia
2930,Asia
662,Europe
1860,North America
700,Europe
2936,Asia
348,Asia
704,Europe
4320,Europe
352,Asia
7096,Africa
7626,Asia
354,Asia
1648,Asia
5112,Oceania
360,Asia
362,Asia
364,Asia
5126,Oceania
366,Asia
1844,North America
368,Asia
2422,Africa
5104,Oceania
4042,Asia
372,Asia
374,Asia
5118,Oceania
2942,Asia
480,Asia
482,Asia
2946,Asia
708,Europe
488,Asia
2958,Asia
502,Asia
504,Asia
7082,Africa
666,Europe
510,Asia
2430,Africa
2432,Africa
4920,Europe
648,Europe
650,Europe
652,Europe
658,Europe
1846,North America
4928,Europe
2472,Europe
668,Europe
7086,Africa
5102,Oceania
670,Europe
5106,Oceania
5108,Oceania
5120,Oceania
5122,Oceania
5124,Oceania
672,Europe
5130,Oceania
1868,North America
674,Europe
5132,Oceania
1650,Asia
676,Europe
5134,Oceania
678,Europe
680,Europe
682,Europe
684,Europe
688,Europe
4094,Europe
2948,Asia
1640,Asia
1864,North America
1910,Europe
5676,Oceania
1666,Asia
1642,Asia
2438,Africa
1656,Asia
2418,Africa
4100,Europe
1866,North America
2950,Asia
2952,Asia
4038,Asia
1908,Europe
2956,Asia
1634,Asia
1636,Asia
1638,Asia
1644,Asia
1646,Asia
1654,Asia
1658,Asia
2470,Europe
1660,Asia
4912,Europe
1662,Asia
1664,Asia
1840,North America
1848,North America
7090,Africa
1850,North America
1852,North America
1854,North America
1856,North America
1858,North America
1862,North America
4084,Europe
1870,North America
1906,Europe
4106,Europe
1912,Europe
6810,Europe
4590,Oceania
1918,Europe
1920,Europe
5714,North America
1922,Europe
1924,Europe
1926,Europe
1928,Europe
1930,Europe
1932,Europe
2466,Europe
1934,Europe
1936,Europe
1938,Europe
2444,Africa
4096,Europe
2460,Europe
2416,Africa
2420,Africa
4308,Europe
4582,Oceania
2440,Africa
2442,Africa
2446,Africa
2448,Africa
2452,Europe
4024,Asia
2454,Europe
4020,Asia
2456,Europe
4338,Europe
2464,Europe
2468,Europe
5650,Oceania
2474,Europe
2476,Europe
4016,Asia
2478,Europe
2480,Europe
4110,Europe
2482,Europe
2518,Africa
2520,Africa
5746,North America
4290,Europe
4092,Europe
4018,Asia
5736,North America
4022,Asia
4026,Asia
4028,Asia
4030,Asia
4032,Asia
4034,Asia
4036,Asia
4040,Asia
4292,Europe
4044,Asia
6824,Europe
4046,Asia
4898,Europe
4316,Europe
4102,Europe
4346,Europe
4104,Europe
4108,Europe
4112,Europe
4574,Oceania
5726,North America
4114,Europe
4322,Europe
4286,Europe
4288,Europe
4294,Europe
4296,Europe
4336,Europe
4298,Europe
4300,Europe
4302,Europe
4310,Europe
4312,Europe
4314,Europe
4318,Europe
5652,Oceania
5734,North America
4324,Europe
4326,Europe
5672,Oceania
4328,Europe
4572,Oceania
4334,Europe
4340,Europe
4342,Europe
4344,Europe
4348,Europe
4350,Europe
4352,Europe
7098,Africa
6792,Europe
5666,Oceania
6622,Europe
4566,Oceania
4568,Oceania
5658,Oceania
4570,Oceania
4576,Oceania
4578,Oceania
4580,Oceania
4584,Oceania
4586,Oceania
4588,Oceania
4908,Europe
4914,Europe
5728,North America
6818,Europe
4900,Europe
4906,Europe
4910,Europe
4916,Europe
4918,Europe
5744,North America
5720,North America
5646,Oceania
5648,Oceania
6776,Europe
5742,North America
5656,Oceania
5660,Oceania
6194,Europe
5662,Oceania
5664,Oceania
5670,Oceania
5674,Oceania
5678,Oceania
5716,North America
5724,North America
5730,North America
5732,North America
5738,North America
5740,North America
6218,Europe
6192,Europe
6190,Europe
6832,Europe
6198,Europe
6612,Europe
6200,Europe
6202,Europe
6204,Europe
6206,Europe
6208,Europe
6210,Europe
6212,Europe
6782,Europe
6214,Europe
6220,Europe
6222,Europe
6602,Europe
6604,Europe
6610,Europe
6614,Europe
6616,Europe
6618,Europe
6620,Europe
7632,Asia
6624,Europe
6626,Europe
6822,Europe
8040,Asia
6768,Europe
6770,Europe
6772,Europe
6774,Europe
6778,Europe
6780,Europe
6784,Europe
6786,Europe
6788,Europe
6794,Europe
6796,Europe
6798,Europe
8054,Asia
6800,Europe
7100,Africa
6802,Europe
6804,Europe
6806,Europe
6808,Europe
6812,Europe
6814,Europe
6816,Europe
6820,Europe
6826,Europe
6828,Europe
6830,Europe
6834,Europe
7778,Europe
7102,Africa
7104,Africa
7106,Africa
7312,Asia
7314,Asia
7316,Asia
7318,Asia
7322,Asia
7324,Asia
7772,Europe
7326,Asia
7328,Asia
7330,Asia
7332,Asia
7334,Asia
7336,Asia
7338,Asia
7760,Europe
7770,Europe
7340,Asia
7342,Asia
7344,Asia
7618,Asia
7620,Asia
7622,Asia
7624,Asia
7766,Europe
7628,Asia
7630,Asia
7634,Asia
7636,Asia
7638,Asia
7640,Asia
7642,Asia
7644,Asia
8056,Asia
7646,Asia
7648,Asia
7650,Asia
7756,Europe
7758,Europe
7762,Europe
7764,Europe
7768,Europe
7774,Europe
7776,Europe
7782,Europe
7784,Europe
7786,Europe
8026,Asia
8028,Asia
8030,Asia
8032,Asia
8036,Asia
8038,Asia
8042,Asia
8044,Asia
8046,Asia
8048,Asia
8050,Asia
8052,Asia
8058,Asia
